"scenario","days","rep","iter","n_reports","n_factors","converged","hypothesis","sign","truth","est","lo","hi","p_positive"
"null",180,1,1000,423,23,TRUE,"H1",1,0,-0.0307,-0.2717,0.1999,0.3955
"null",180,1,1000,423,23,TRUE,"H2",1,0,-0.0149,-0.3165,0.2635,0.46125
"null",180,1,1000,423,23,TRUE,"H3a",-1,0,-0.0223,-0.2751,0.223,0.433
"null",180,1,1000,423,23,TRUE,"H3b",-1,0,0.0125,-0.2432,0.2751,0.539
"null",180,1,1000,423,23,TRUE,"H4",1,0,0.0708,-0.1914,0.3393,0.694
"null",180,1,1000,423,23,TRUE,"null:sleep_efficiency",1,0,0.0041,-0.1715,0.1831,0.5215
"null",180,1,1000,423,23,TRUE,"null:hrv_ms",1,0,0.0566,-0.0982,0.2525,0.7575
"null",180,1,1000,423,23,TRUE,"null:resting_hr",1,0,0.0608,-0.0996,0.2598,0.77725
"null",180,1,1000,423,23,TRUE,"null:skin_temp_dev_c",1,0,0.1798,-0.0036,0.4077,0.96875
"null",180,1,1000,423,23,TRUE,"null:exercise_min",1,0,0.0525,-0.1387,0.3036,0.707
"null",180,1,1000,423,23,TRUE,"null:outdoor_min",1,0,-0.0449,-0.2562,0.1288,0.30125
"null",180,1,1000,423,23,TRUE,"null:caffeine_mg",1,0,0.1011,-0.0784,0.3267,0.85475
"null",180,1,1000,423,23,TRUE,"null:alcohol_units",1,0,0.0862,-0.0837,0.3037,0.831
"null",180,1,1000,423,23,TRUE,"null:work_day",1,0,0.0393,-0.1528,0.2669,0.6705
"null",180,1,1000,423,23,TRUE,"null:travel",1,0,0.1192,-0.0505,0.3509,0.90475
"null",180,1,1000,423,23,TRUE,"null:sick",1,0,0.0965,-0.0626,0.3322,0.85775
"null",180,1,1000,423,23,TRUE,"null:temp_mean_c",1,0,0.009,-0.19,0.1949,0.54825
"null",180,1,1000,423,23,TRUE,"null:precipitation_mm",1,0,0.0118,-0.1702,0.1787,0.5665
"null",180,1,1000,423,23,TRUE,"null:sunshine_hours",1,0,0.0315,-0.1314,0.1987,0.6675
"null",180,1,1000,423,23,TRUE,"null:daylight_hours",1,0,0.1142,-0.0512,0.3558,0.893
"null",180,1,1000,423,23,TRUE,"null:pm25",1,0,0.089,-0.0683,0.2925,0.858
"null",180,1,1000,423,23,TRUE,"null:indoor_pm25",1,0,0.1093,-0.0561,0.3331,0.8885
"null",180,1,1000,423,23,TRUE,"null:indoor_voc",1,0,0.0416,-0.1237,0.2432,0.701
"null",180,1,1000,423,23,TRUE,"H5",1,0,-0.0109,-0.6776,0.7027,0.489
"null",180,2,1000,411,23,TRUE,"H1",1,0,-0.0434,-0.3147,0.2243,0.37125
"null",180,2,1000,411,23,TRUE,"H2",1,0,0.1224,-0.1639,0.4152,0.82
"null",180,2,1000,411,23,TRUE,"H3a",-1,0,0.1599,-0.1514,0.4597,0.854
"null",180,2,1000,411,23,TRUE,"H3b",-1,0,-0.0528,-0.3589,0.2403,0.362
"null",180,2,1000,411,23,TRUE,"H4",1,0,0.0806,-0.2311,0.3859,0.6985
"null",180,2,1000,411,23,TRUE,"null:sleep_efficiency",1,0,0.0142,-0.0995,0.214,0.63975
"null",180,2,1000,411,23,TRUE,"null:hrv_ms",1,0,0.0039,-0.1185,0.1639,0.559
"null",180,2,1000,411,23,TRUE,"null:resting_hr",1,0,-0.0433,-0.2911,0.0491,0.20925
"null",180,2,1000,411,23,TRUE,"null:skin_temp_dev_c",1,0,-9e-04,-0.1488,0.1395,0.48225
"null",180,2,1000,411,23,TRUE,"null:exercise_min",1,0,-0.006,-0.1921,0.1268,0.43075
"null",180,2,1000,411,23,TRUE,"null:outdoor_min",1,0,0.016,-0.1097,0.2395,0.6425
"null",180,2,1000,411,23,TRUE,"null:caffeine_mg",1,0,0.0058,-0.1248,0.1703,0.572
"null",180,2,1000,411,23,TRUE,"null:alcohol_units",1,0,-0.0053,-0.1818,0.1316,0.42675
"null",180,2,1000,411,23,TRUE,"null:work_day",1,0,-0.0067,-0.1991,0.1318,0.4215
"null",180,2,1000,411,23,TRUE,"null:travel",1,0,-0.0115,-0.1978,0.1154,0.3825
"null",180,2,1000,411,23,TRUE,"null:sick",1,0,-0.0291,-0.2517,0.0755,0.2705
"null",180,2,1000,411,23,TRUE,"null:temp_mean_c",1,0,0.007,-0.1177,0.1902,0.5865
"null",180,2,1000,411,23,TRUE,"null:precipitation_mm",1,0,0.0051,-0.1095,0.1674,0.561
"null",180,2,1000,411,23,TRUE,"null:sunshine_hours",1,0,-0.0318,-0.2367,0.0663,0.254
"null",180,2,1000,411,23,TRUE,"null:daylight_hours",1,0,-0.0093,-0.1863,0.112,0.396
"null",180,2,1000,411,23,TRUE,"null:pm25",1,0,0.0194,-0.1031,0.2028,0.674
"null",180,2,1000,411,23,TRUE,"null:indoor_pm25",1,0,0.0229,-0.0758,0.2328,0.707
"null",180,2,1000,411,23,TRUE,"null:indoor_voc",1,0,0.012,-0.0976,0.1921,0.627
"null",180,2,1000,411,23,TRUE,"H5",1,0,0.3579,-0.1538,0.7171,0.9255
"null",180,3,1000,423,23,TRUE,"H1",1,0,0.1093,-0.1072,0.3241,0.85175
"null",180,3,1000,423,23,TRUE,"H2",1,0,0.0991,-0.1751,0.3245,0.779
"null",180,3,1000,423,23,TRUE,"H3a",-1,0,0.0419,-0.1824,0.2629,0.64525
"null",180,3,1000,423,23,TRUE,"H3b",-1,0,0.0605,-0.1763,0.2788,0.7075
"null",180,3,1000,423,23,TRUE,"H4",1,0,0.1189,-0.108,0.3521,0.836
"null",180,3,1000,423,23,TRUE,"null:sleep_efficiency",1,0,7e-04,-0.0987,0.1147,0.5205
"null",180,3,1000,423,23,TRUE,"null:hrv_ms",1,0,-0.0106,-0.1587,0.0596,0.34125
"null",180,3,1000,423,23,TRUE,"null:resting_hr",1,0,-0.0037,-0.1225,0.0779,0.427
"null",180,3,1000,423,23,TRUE,"null:skin_temp_dev_c",1,0,0.014,-0.0593,0.1616,0.691
"null",180,3,1000,423,23,TRUE,"null:exercise_min",1,0,0.0038,-0.0917,0.1507,0.57925
"null",180,3,1000,423,23,TRUE,"null:outdoor_min",1,0,0.0184,-0.0482,0.206,0.7215
"null",180,3,1000,423,23,TRUE,"null:caffeine_mg",1,0,0.0084,-0.0698,0.1485,0.63525
"null",180,3,1000,423,23,TRUE,"null:alcohol_units",1,0,0.0012,-0.1031,0.1107,0.5295
"null",180,3,1000,423,23,TRUE,"null:work_day",1,0,-0.0043,-0.156,0.0872,0.4085
"null",180,3,1000,423,23,TRUE,"null:travel",1,0,1e-04,-0.099,0.1067,0.5025
"null",180,3,1000,423,23,TRUE,"null:sick",1,0,-0.0042,-0.1429,0.0844,0.428
"null",180,3,1000,423,23,TRUE,"null:temp_mean_c",1,0,0.0141,-0.051,0.1738,0.68625
"null",180,3,1000,423,23,TRUE,"null:precipitation_mm",1,0,0.0087,-0.0676,0.1321,0.631
"null",180,3,1000,423,23,TRUE,"null:sunshine_hours",1,0,0.0035,-0.0809,0.1243,0.573
"null",180,3,1000,423,23,TRUE,"null:daylight_hours",1,0,0.002,-0.102,0.1037,0.53825
"null",180,3,1000,423,23,TRUE,"null:pm25",1,0,0.0038,-0.0825,0.1274,0.57525
"null",180,3,1000,423,23,TRUE,"null:indoor_pm25",1,0,-0.0076,-0.1488,0.0732,0.37025
"null",180,3,1000,423,23,TRUE,"null:indoor_voc",1,0,-0.0069,-0.1473,0.0761,0.38975
"null",180,3,1000,423,23,TRUE,"H5",1,0,0.2388,-0.6457,0.7765,0.71075
"null",180,4,1000,436,23,TRUE,"H1",1,0,0.0765,-0.1238,0.2798,0.77275
"null",180,4,1000,436,23,TRUE,"H2",1,0,0.092,-0.1364,0.3265,0.791
"null",180,4,1000,436,23,TRUE,"H3a",-1,0,-0.0181,-0.2476,0.2155,0.435
"null",180,4,1000,436,23,TRUE,"H3b",-1,0,0.2443,-3e-04,0.4763,0.97475
"null",180,4,1000,436,23,TRUE,"H4",1,0,-0.05,-0.2879,0.1861,0.3365
"null",180,4,1000,436,23,TRUE,"null:sleep_efficiency",1,0,0.0063,-0.0819,0.1468,0.60425
"null",180,4,1000,436,23,TRUE,"null:hrv_ms",1,0,-0.0119,-0.1695,0.0612,0.32725
"null",180,4,1000,436,23,TRUE,"null:resting_hr",1,0,0.0036,-0.0931,0.1241,0.569
"null",180,4,1000,436,23,TRUE,"null:skin_temp_dev_c",1,0,0.0041,-0.0826,0.1384,0.5865
"null",180,4,1000,436,23,TRUE,"null:exercise_min",1,0,-0.015,-0.1882,0.0677,0.321
"null",180,4,1000,436,23,TRUE,"null:outdoor_min",1,0,-0.0021,-0.1246,0.102,0.452
"null",180,4,1000,436,23,TRUE,"null:caffeine_mg",1,0,0.0016,-0.1042,0.1148,0.536
"null",180,4,1000,436,23,TRUE,"null:alcohol_units",1,0,0.0057,-0.0854,0.1446,0.59275
"null",180,4,1000,436,23,TRUE,"null:work_day",1,0,-0.0122,-0.1755,0.0753,0.34625
"null",180,4,1000,436,23,TRUE,"null:travel",1,0,0.0162,-0.0603,0.1775,0.69225
"null",180,4,1000,436,23,TRUE,"null:sick",1,0,-0.0048,-0.1494,0.0828,0.41525
"null",180,4,1000,436,23,TRUE,"null:temp_mean_c",1,0,-0.0021,-0.1303,0.0924,0.4575
"null",180,4,1000,436,23,TRUE,"null:precipitation_mm",1,0,0.0045,-0.091,0.1315,0.57975
"null",180,4,1000,436,23,TRUE,"null:sunshine_hours",1,0,0.0242,-0.0412,0.202,0.74875
"null",180,4,1000,436,23,TRUE,"null:daylight_hours",1,0,0.0177,-0.0624,0.1941,0.7115
"null",180,4,1000,436,23,TRUE,"null:pm25",1,0,0.0037,-0.0903,0.1217,0.5715
"null",180,4,1000,436,23,TRUE,"null:indoor_pm25",1,0,-0.0217,-0.2299,0.0476,0.267
"null",180,4,1000,436,23,TRUE,"null:indoor_voc",1,0,-0.0037,-0.1363,0.0934,0.4275
"null",180,4,1000,436,23,TRUE,"H5",1,0,0.3783,-0.8274,0.864,0.6985
"null",180,5,1000,437,23,FALSE,"H1",1,0,-0.0743,-0.3092,0.1663,0.27175
"null",180,5,1000,437,23,FALSE,"H2",1,0,-0.0357,-0.2851,0.2043,0.388
"null",180,5,1000,437,23,FALSE,"H3a",-1,0,-0.226,-0.5012,0.0622,0.06325
"null",180,5,1000,437,23,FALSE,"H3b",-1,0,-0.1952,-0.4765,0.0979,0.0905
"null",180,5,1000,437,23,FALSE,"H4",1,0,-0.1797,-0.4658,0.1172,0.1145
"null",180,5,1000,437,23,FALSE,"null:sleep_efficiency",1,0,1e-04,-0.1173,0.1174,0.50375
"null",180,5,1000,437,23,FALSE,"null:hrv_ms",1,0,0.0013,-0.1041,0.1275,0.53025
"null",180,5,1000,437,23,FALSE,"null:resting_hr",1,0,-0.0291,-0.2279,0.0381,0.23475
"null",180,5,1000,437,23,FALSE,"null:skin_temp_dev_c",1,0,-0.0018,-0.1273,0.1063,0.45275
"null",180,5,1000,437,23,FALSE,"null:exercise_min",1,0,-0.0039,-0.153,0.1026,0.42975
"null",180,5,1000,437,23,FALSE,"null:outdoor_min",1,0,3e-04,-0.1252,0.1264,0.51275
"null",180,5,1000,437,23,FALSE,"null:caffeine_mg",1,0,-0.0013,-0.1399,0.1139,0.47075
"null",180,5,1000,437,23,FALSE,"null:alcohol_units",1,0,-6e-04,-0.1382,0.1141,0.48625
"null",180,5,1000,437,23,FALSE,"null:work_day",1,0,1e-04,-0.1227,0.129,0.502
"null",180,5,1000,437,23,FALSE,"null:travel",1,0,0.0022,-0.1083,0.1423,0.54325
"null",180,5,1000,437,23,FALSE,"null:sick",1,0,-0.0242,-0.2357,0.0514,0.258
"null",180,5,1000,437,23,FALSE,"null:temp_mean_c",1,0,0.003,-0.1097,0.1465,0.55425
"null",180,5,1000,437,23,FALSE,"null:precipitation_mm",1,0,-0.037,-0.2475,0.0342,0.20175
"null",180,5,1000,437,23,FALSE,"null:sunshine_hours",1,0,-0.0059,-0.151,0.0896,0.40575
"null",180,5,1000,437,23,FALSE,"null:daylight_hours",1,0,5e-04,-0.1199,0.121,0.51425
"null",180,5,1000,437,23,FALSE,"null:pm25",1,0,-2e-04,-0.1171,0.1109,0.4955
"null",180,5,1000,437,23,FALSE,"null:indoor_pm25",1,0,0.0074,-0.0892,0.1617,0.6075
"null",180,5,1000,437,23,FALSE,"null:indoor_voc",1,0,-0.0089,-0.175,0.0792,0.36875
"null",180,5,1000,437,23,FALSE,"H5",1,0,0.1286,-0.4232,0.5417,0.713
"null",180,6,1000,415,23,FALSE,"H1",1,0,-0.0522,-0.2782,0.1692,0.3295
"null",180,6,1000,415,23,FALSE,"H2",1,0,0.2866,-0.0138,0.6588,0.96975
"null",180,6,1000,415,23,FALSE,"H3a",-1,0,-0.1413,-0.4075,0.1186,0.141
"null",180,6,1000,415,23,FALSE,"H3b",-1,0,0.1185,-0.1263,0.3618,0.83675
"null",180,6,1000,415,23,FALSE,"H4",1,0,0.0351,-0.2321,0.3002,0.60175
"null",180,6,1000,415,23,FALSE,"null:sleep_efficiency",1,0,0.0217,-0.1358,0.2014,0.6265
"null",180,6,1000,415,23,FALSE,"null:hrv_ms",1,0,0.0474,-0.0883,0.2318,0.74875
"null",180,6,1000,415,23,FALSE,"null:resting_hr",1,0,0.0092,-0.1467,0.1863,0.55825
"null",180,6,1000,415,23,FALSE,"null:skin_temp_dev_c",1,0,-0.0781,-0.3057,0.0651,0.17
"null",180,6,1000,415,23,FALSE,"null:exercise_min",1,0,-0.171,-0.5148,0.0196,0.067
"null",180,6,1000,415,23,FALSE,"null:outdoor_min",1,0,-0.0148,-0.2165,0.1662,0.41425
"null",180,6,1000,415,23,FALSE,"null:caffeine_mg",1,0,0.0285,-0.1219,0.2134,0.67275
"null",180,6,1000,415,23,FALSE,"null:alcohol_units",1,0,-0.0446,-0.2548,0.1019,0.2715
"null",180,6,1000,415,23,FALSE,"null:work_day",1,0,0.0377,-0.1281,0.2708,0.684
"null",180,6,1000,415,23,FALSE,"null:travel",1,0,0.0016,-0.1801,0.1762,0.511
"null",180,6,1000,415,23,FALSE,"null:sick",1,0,0.0062,-0.178,0.206,0.53675
"null",180,6,1000,415,23,FALSE,"null:temp_mean_c",1,0,0.0306,-0.1234,0.23,0.67275
"null",180,6,1000,415,23,FALSE,"null:precipitation_mm",1,0,-0.0359,-0.2106,0.1054,0.28225
"null",180,6,1000,415,23,FALSE,"null:sunshine_hours",1,0,0.1124,-0.0391,0.3526,0.8955
"null",180,6,1000,415,23,FALSE,"null:daylight_hours",1,0,0.0025,-0.1924,0.1787,0.51475
"null",180,6,1000,415,23,FALSE,"null:pm25",1,0,0.0438,-0.0907,0.2183,0.73875
"null",180,6,1000,415,23,FALSE,"null:indoor_pm25",1,0,0.0205,-0.1373,0.219,0.619
"null",180,6,1000,415,23,FALSE,"null:indoor_voc",1,0,-0.1,-0.3548,0.0504,0.13475
"null",180,6,1000,415,23,FALSE,"H5",1,0,0.0542,-0.6135,0.6553,0.56275
"null",180,7,1000,420,23,TRUE,"H1",1,0,-0.0508,-0.2875,0.1886,0.32625
"null",180,7,1000,420,23,TRUE,"H2",1,0,-0.1736,-0.3925,0.0689,0.07125
"null",180,7,1000,420,23,TRUE,"H3a",-1,0,0.0044,-0.2274,0.2288,0.51325
"null",180,7,1000,420,23,TRUE,"H3b",-1,0,0.0333,-0.2013,0.2673,0.60875
"null",180,7,1000,420,23,TRUE,"H4",1,0,0.0136,-0.2187,0.2484,0.54775
"null",180,7,1000,420,23,TRUE,"null:sleep_efficiency",1,0,0.0131,-0.0457,0.17,0.70075
"null",180,7,1000,420,23,TRUE,"null:hrv_ms",1,0,0.0058,-0.0614,0.1439,0.626
"null",180,7,1000,420,23,TRUE,"null:resting_hr",1,0,-0.0028,-0.1242,0.0675,0.43
"null",180,7,1000,420,23,TRUE,"null:skin_temp_dev_c",1,0,-0.0133,-0.1732,0.0429,0.29425
"null",180,7,1000,420,23,TRUE,"null:exercise_min",1,0,-1e-04,-0.1029,0.1004,0.49675
"null",180,7,1000,420,23,TRUE,"null:outdoor_min",1,0,-0.0024,-0.1179,0.0795,0.4305
"null",180,7,1000,420,23,TRUE,"null:caffeine_mg",1,0,0.0038,-0.0703,0.1217,0.59425
"null",180,7,1000,420,23,TRUE,"null:alcohol_units",1,0,0.0049,-0.0639,0.1322,0.60225
"null",180,7,1000,420,23,TRUE,"null:work_day",1,0,0.0056,-0.0663,0.1492,0.61425
"null",180,7,1000,420,23,TRUE,"null:travel",1,0,-0.0017,-0.105,0.0825,0.4565
"null",180,7,1000,420,23,TRUE,"null:sick",1,0,-0.0027,-0.1207,0.0803,0.428
"null",180,7,1000,420,23,TRUE,"null:temp_mean_c",1,0,-0.0018,-0.1035,0.0865,0.4485
"null",180,7,1000,420,23,TRUE,"null:precipitation_mm",1,0,-8e-04,-0.095,0.0858,0.47325
"null",180,7,1000,420,23,TRUE,"null:sunshine_hours",1,0,-0.0021,-0.1106,0.0774,0.4425
"null",180,7,1000,420,23,TRUE,"null:daylight_hours",1,0,-0.0012,-0.1013,0.085,0.46375
"null",180,7,1000,420,23,TRUE,"null:pm25",1,0,0,-0.0884,0.0942,0.501
"null",180,7,1000,420,23,TRUE,"null:indoor_pm25",1,0,0.001,-0.0786,0.1061,0.53475
"null",180,7,1000,420,23,TRUE,"null:indoor_voc",1,0,0.0027,-0.0776,0.109,0.57
"null",180,7,1000,420,23,TRUE,"H5",1,0,-0.0418,-0.6538,0.6634,0.454
"null",180,8,1000,447,23,TRUE,"H1",1,0,-0.0228,-0.2215,0.1764,0.41475
"null",180,8,1000,447,23,TRUE,"H2",1,0,-0.094,-0.2925,0.1141,0.1805
"null",180,8,1000,447,23,TRUE,"H3a",-1,0,0.0945,-0.12,0.3205,0.8145
"null",180,8,1000,447,23,TRUE,"H3b",-1,0,-0.114,-0.3244,0.0859,0.1435
"null",180,8,1000,447,23,TRUE,"H4",1,0,0.2056,-0.0243,0.4381,0.962
"null",180,8,1000,447,23,TRUE,"null:sleep_efficiency",1,0,-0.0146,-0.1756,0.0374,0.283
"null",180,8,1000,447,23,TRUE,"null:hrv_ms",1,0,-0.0046,-0.1107,0.0577,0.39225
"null",180,8,1000,447,23,TRUE,"null:resting_hr",1,0,-4e-04,-0.0878,0.0771,0.4855
"null",180,8,1000,447,23,TRUE,"null:skin_temp_dev_c",1,0,0.0019,-0.07,0.106,0.55725
"null",180,8,1000,447,23,TRUE,"null:exercise_min",1,0,-0.0025,-0.1092,0.0726,0.435
"null",180,8,1000,447,23,TRUE,"null:outdoor_min",1,0,-0.0042,-0.1279,0.0568,0.40125
"null",180,8,1000,447,23,TRUE,"null:caffeine_mg",1,0,0.0022,-0.0672,0.1007,0.5655
"null",180,8,1000,447,23,TRUE,"null:alcohol_units",1,0,4e-04,-0.0817,0.0922,0.51875
"null",180,8,1000,447,23,TRUE,"null:work_day",1,0,-6e-04,-0.1013,0.0809,0.47975
"null",180,8,1000,447,23,TRUE,"null:travel",1,0,0.0088,-0.0483,0.1329,0.66925
"null",180,8,1000,447,23,TRUE,"null:sick",1,0,-7e-04,-0.0876,0.0729,0.4785
"null",180,8,1000,447,23,TRUE,"null:temp_mean_c",1,0,-0.0042,-0.1128,0.0648,0.39625
"null",180,8,1000,447,23,TRUE,"null:precipitation_mm",1,0,0,-0.0716,0.0839,0.50025
"null",180,8,1000,447,23,TRUE,"null:sunshine_hours",1,0,0.009,-0.0466,0.1348,0.674
"null",180,8,1000,447,23,TRUE,"null:daylight_hours",1,0,-6e-04,-0.0832,0.0788,0.476
"null",180,8,1000,447,23,TRUE,"null:pm25",1,0,8e-04,-0.0788,0.0887,0.5265
"null",180,8,1000,447,23,TRUE,"null:indoor_pm25",1,0,-6e-04,-0.0919,0.0818,0.48175
"null",180,8,1000,447,23,TRUE,"null:indoor_voc",1,0,8e-04,-0.0769,0.086,0.5265
"null",180,8,1000,447,23,TRUE,"H5",1,0,0.0098,-0.7466,0.7822,0.50675
"null",180,9,1000,429,23,TRUE,"H1",1,0,-0.1122,-0.3457,0.1235,0.1795
"null",180,9,1000,429,23,TRUE,"H2",1,0,-0.0489,-0.2816,0.1774,0.334
"null",180,9,1000,429,23,TRUE,"H3a",-1,0,0.095,-0.155,0.34,0.7755
"null",180,9,1000,429,23,TRUE,"H3b",-1,0,-0.1344,-0.3946,0.1129,0.14425
"null",180,9,1000,429,23,TRUE,"H4",1,0,-0.2978,-0.549,-0.0366,0.01175
"null",180,9,1000,429,23,TRUE,"null:sleep_efficiency",1,0,0.0027,-0.0803,0.1182,0.56725
"null",180,9,1000,429,23,TRUE,"null:hrv_ms",1,0,2e-04,-0.0902,0.0953,0.5085
"null",180,9,1000,429,23,TRUE,"null:resting_hr",1,0,0.0093,-0.055,0.1581,0.66525
"null",180,9,1000,429,23,TRUE,"null:skin_temp_dev_c",1,0,4e-04,-0.089,0.098,0.51575
"null",180,9,1000,429,23,TRUE,"null:exercise_min",1,0,0.0048,-0.0694,0.1551,0.60475
"null",180,9,1000,429,23,TRUE,"null:outdoor_min",1,0,-0.0051,-0.1393,0.0689,0.38525
"null",180,9,1000,429,23,TRUE,"null:caffeine_mg",1,0,-2e-04,-0.0944,0.0944,0.49125
"null",180,9,1000,429,23,TRUE,"null:alcohol_units",1,0,-0.0021,-0.1206,0.0786,0.44375
"null",180,9,1000,429,23,TRUE,"null:work_day",1,0,0,-0.1023,0.107,0.4985
"null",180,9,1000,429,23,TRUE,"null:travel",1,0,-0.0065,-0.1408,0.0645,0.36775
"null",180,9,1000,429,23,TRUE,"null:sick",1,0,-0.0083,-0.1586,0.0576,0.3385
"null",180,9,1000,429,23,TRUE,"null:temp_mean_c",1,0,-0.0018,-0.1049,0.0764,0.4485
"null",180,9,1000,429,23,TRUE,"null:precipitation_mm",1,0,-0.0033,-0.1162,0.0756,0.4195
"null",180,9,1000,429,23,TRUE,"null:sunshine_hours",1,0,-0.0032,-0.1108,0.0747,0.41725
"null",180,9,1000,429,23,TRUE,"null:daylight_hours",1,0,-6e-04,-0.1044,0.0874,0.4775
"null",180,9,1000,429,23,TRUE,"null:pm25",1,0,0.0044,-0.0685,0.1154,0.6015
"null",180,9,1000,429,23,TRUE,"null:indoor_pm25",1,0,-0.0068,-0.1474,0.0579,0.35625
"null",180,9,1000,429,23,TRUE,"null:indoor_voc",1,0,-0.0039,-0.1313,0.0706,0.40725
"null",180,9,1000,429,23,TRUE,"H5",1,0,0.0536,-0.6098,0.6186,0.56975
"null",180,10,1000,442,23,TRUE,"H1",1,0,0.2186,-0.0025,0.4582,0.9725
"null",180,10,1000,442,23,TRUE,"H2",1,0,0.1825,-0.0404,0.413,0.9435
"null",180,10,1000,442,23,TRUE,"H3a",-1,0,-0.0107,-0.2698,0.248,0.467
"null",180,10,1000,442,23,TRUE,"H3b",-1,0,0.0201,-0.2225,0.2701,0.55825
"null",180,10,1000,442,23,TRUE,"H4",1,0,0.1509,-0.1173,0.4107,0.86775
"null",180,10,1000,442,23,TRUE,"null:sleep_efficiency",1,0,-1e-04,-0.0887,0.0929,0.495
"null",180,10,1000,442,23,TRUE,"null:hrv_ms",1,0,0.0019,-0.0709,0.1077,0.56425
"null",180,10,1000,442,23,TRUE,"null:resting_hr",1,0,-0.0055,-0.1357,0.0582,0.37225
"null",180,10,1000,442,23,TRUE,"null:skin_temp_dev_c",1,0,0,-0.0956,0.0859,0.497
"null",180,10,1000,442,23,TRUE,"null:exercise_min",1,0,-0.0039,-0.1473,0.0634,0.4
"null",180,10,1000,442,23,TRUE,"null:outdoor_min",1,0,-0.0022,-0.1198,0.0774,0.42975
"null",180,10,1000,442,23,TRUE,"null:caffeine_mg",1,0,3e-04,-0.0947,0.0947,0.51275
"null",180,10,1000,442,23,TRUE,"null:alcohol_units",1,0,-0.0017,-0.1097,0.0849,0.44325
"null",180,10,1000,442,23,TRUE,"null:work_day",1,0,1e-04,-0.1,0.1031,0.504
"null",180,10,1000,442,23,TRUE,"null:travel",1,0,-0.0013,-0.0983,0.0797,0.4535
"null",180,10,1000,442,23,TRUE,"null:sick",1,0,-0.0111,-0.1748,0.048,0.30775
"null",180,10,1000,442,23,TRUE,"null:temp_mean_c",1,0,1e-04,-0.0868,0.088,0.50625
"null",180,10,1000,442,23,TRUE,"null:precipitation_mm",1,0,-0.001,-0.0995,0.0787,0.463
"null",180,10,1000,442,23,TRUE,"null:sunshine_hours",1,0,2e-04,-0.0873,0.0868,0.5095
"null",180,10,1000,442,23,TRUE,"null:daylight_hours",1,0,0.0014,-0.0798,0.0979,0.54575
"null",180,10,1000,442,23,TRUE,"null:pm25",1,0,0.0027,-0.0659,0.1082,0.5755
"null",180,10,1000,442,23,TRUE,"null:indoor_pm25",1,0,-0.0069,-0.1436,0.0542,0.35425
"null",180,10,1000,442,23,TRUE,"null:indoor_voc",1,0,-0.0039,-0.1274,0.066,0.40575
"null",180,10,1000,442,23,TRUE,"H5",1,0,0.0302,-0.5058,0.5286,0.54875
"null",180,11,1000,413,23,TRUE,"H1",1,0,-0.1089,-0.3235,0.1366,0.17925
"null",180,11,1000,413,23,TRUE,"H2",1,0,-0.1985,-0.4778,0.0472,0.05925
"null",180,11,1000,413,23,TRUE,"H3a",-1,0,-0.0475,-0.2918,0.2001,0.35925
"null",180,11,1000,413,23,TRUE,"H3b",-1,0,0.0229,-0.2316,0.2804,0.5645
"null",180,11,1000,413,23,TRUE,"H4",1,0,-0.0585,-0.3056,0.2021,0.32875
"null",180,11,1000,413,23,TRUE,"null:sleep_efficiency",1,0,0.0704,-0.0505,0.2773,0.842
"null",180,11,1000,413,23,TRUE,"null:hrv_ms",1,0,-5e-04,-0.1409,0.1422,0.49375
"null",180,11,1000,413,23,TRUE,"null:resting_hr",1,0,0.0431,-0.0704,0.2226,0.7555
"null",180,11,1000,413,23,TRUE,"null:skin_temp_dev_c",1,0,-0.0469,-0.2282,0.0749,0.22825
"null",180,11,1000,413,23,TRUE,"null:exercise_min",1,0,0.006,-0.15,0.1775,0.55175
"null",180,11,1000,413,23,TRUE,"null:outdoor_min",1,0,0.0406,-0.0874,0.2522,0.741
"null",180,11,1000,413,23,TRUE,"null:caffeine_mg",1,0,0.0104,-0.1224,0.1799,0.58025
"null",180,11,1000,413,23,TRUE,"null:alcohol_units",1,0,-0.0177,-0.1912,0.1152,0.36775
"null",180,11,1000,413,23,TRUE,"null:work_day",1,0,-0.0065,-0.1926,0.1419,0.444
"null",180,11,1000,413,23,TRUE,"null:travel",1,0,-0.0252,-0.2087,0.1069,0.33975
"null",180,11,1000,413,23,TRUE,"null:sick",1,0,0.0502,-0.0659,0.245,0.78525
"null",180,11,1000,413,23,TRUE,"null:temp_mean_c",1,0,0.0613,-0.0545,0.2748,0.8255
"null",180,11,1000,413,23,TRUE,"null:precipitation_mm",1,0,0.0395,-0.0831,0.2362,0.74
"null",180,11,1000,413,23,TRUE,"null:sunshine_hours",1,0,0.0297,-0.0927,0.1995,0.69475
"null",180,11,1000,413,23,TRUE,"null:daylight_hours",1,0,-0.0025,-0.1823,0.1328,0.47825
"null",180,11,1000,413,23,TRUE,"null:pm25",1,0,0.0575,-0.0628,0.2444,0.81925
"null",180,11,1000,413,23,TRUE,"null:indoor_pm25",1,0,0.0336,-0.0875,0.2184,0.739
"null",180,11,1000,413,23,TRUE,"null:indoor_voc",1,0,0.0027,-0.1357,0.147,0.5325
"null",180,11,1000,413,23,TRUE,"H5",1,0,0.1764,-0.5976,0.8047,0.679
"null",180,12,1000,455,23,TRUE,"H1",1,0,0.3143,0.0992,0.5299,0.99775
"null",180,12,1000,455,23,TRUE,"H2",1,0,0.0825,-0.1374,0.2897,0.79025
"null",180,12,1000,455,23,TRUE,"H3a",-1,0,-0.1742,-0.4224,0.0577,0.07525
"null",180,12,1000,455,23,TRUE,"H3b",-1,0,0.1154,-0.1247,0.3441,0.82325
"null",180,12,1000,455,23,TRUE,"H4",1,0,0.1011,-0.1417,0.3343,0.799
"null",180,12,1000,455,23,TRUE,"null:sleep_efficiency",1,0,-7e-04,-0.0939,0.0701,0.46675
"null",180,12,1000,455,23,TRUE,"null:hrv_ms",1,0,0.0049,-0.0585,0.1206,0.6275
"null",180,12,1000,455,23,TRUE,"null:resting_hr",1,0,-0.0037,-0.1111,0.0606,0.40575
"null",180,12,1000,455,23,TRUE,"null:skin_temp_dev_c",1,0,0.002,-0.0649,0.1018,0.5585
"null",180,12,1000,455,23,TRUE,"null:exercise_min",1,0,0.0027,-0.0684,0.1116,0.57725
"null",180,12,1000,455,23,TRUE,"null:outdoor_min",1,0,-0.002,-0.1062,0.068,0.44225
"null",180,12,1000,455,23,TRUE,"null:caffeine_mg",1,0,0.0072,-0.0482,0.1415,0.6665
"null",180,12,1000,455,23,TRUE,"null:alcohol_units",1,0,0.0041,-0.0612,0.1205,0.6025
"null",180,12,1000,455,23,TRUE,"null:work_day",1,0,0.0015,-0.078,0.1056,0.54
"null",180,12,1000,455,23,TRUE,"null:travel",1,0,7e-04,-0.0708,0.0982,0.52675
"null",180,12,1000,455,23,TRUE,"null:sick",1,0,3e-04,-0.0808,0.0836,0.51275
"null",180,12,1000,455,23,TRUE,"null:temp_mean_c",1,0,0.0048,-0.0522,0.1121,0.6125
"null",180,12,1000,455,23,TRUE,"null:precipitation_mm",1,0,-0.0058,-0.1152,0.0507,0.36
"null",180,12,1000,455,23,TRUE,"null:sunshine_hours",1,0,0.0028,-0.0626,0.0974,0.5805
"null",180,12,1000,455,23,TRUE,"null:daylight_hours",1,0,3e-04,-0.0784,0.0821,0.51425
"null",180,12,1000,455,23,TRUE,"null:pm25",1,0,-4e-04,-0.0829,0.074,0.48075
"null",180,12,1000,455,23,TRUE,"null:indoor_pm25",1,0,-0.0018,-0.0978,0.0702,0.43925
"null",180,12,1000,455,23,TRUE,"null:indoor_voc",1,0,-0.0047,-0.1184,0.0542,0.385
"null",180,12,1000,455,23,TRUE,"H5",1,0,0.0946,-0.6065,0.7704,0.59775
"null",180,13,1000,428,23,TRUE,"H1",1,0,-0.1363,-0.3618,0.0889,0.12125
"null",180,13,1000,428,23,TRUE,"H2",1,0,0.0131,-0.21,0.2297,0.5445
"null",180,13,1000,428,23,TRUE,"H3a",-1,0,-0.2239,-0.4773,0.0245,0.03625
"null",180,13,1000,428,23,TRUE,"H3b",-1,0,0.3024,0.0411,0.5519,0.99
"null",180,13,1000,428,23,TRUE,"H4",1,0,-0.1369,-0.3891,0.114,0.13625
"null",180,13,1000,428,23,TRUE,"null:sleep_efficiency",1,0,0.003,-0.0741,0.131,0.57
"null",180,13,1000,428,23,TRUE,"null:hrv_ms",1,0,0.0036,-0.0816,0.1242,0.584
"null",180,13,1000,428,23,TRUE,"null:resting_hr",1,0,0.0067,-0.0663,0.1358,0.61975
"null",180,13,1000,428,23,TRUE,"null:skin_temp_dev_c",1,0,0.0159,-0.0491,0.1733,0.7135
"null",180,13,1000,428,23,TRUE,"null:exercise_min",1,0,0.0018,-0.097,0.1211,0.5445
"null",180,13,1000,428,23,TRUE,"null:outdoor_min",1,0,-0.0095,-0.1676,0.0573,0.3335
"null",180,13,1000,428,23,TRUE,"null:caffeine_mg",1,0,1e-04,-0.105,0.0974,0.502
"null",180,13,1000,428,23,TRUE,"null:alcohol_units",1,0,0.0096,-0.0572,0.1632,0.66025
"null",180,13,1000,428,23,TRUE,"null:work_day",1,0,1e-04,-0.12,0.1019,0.503
"null",180,13,1000,428,23,TRUE,"null:travel",1,0,-3e-04,-0.1061,0.1078,0.4895
"null",180,13,1000,428,23,TRUE,"null:sick",1,0,7e-04,-0.0968,0.1122,0.522
"null",180,13,1000,428,23,TRUE,"null:temp_mean_c",1,0,0.0019,-0.0861,0.1165,0.54975
"null",180,13,1000,428,23,TRUE,"null:precipitation_mm",1,0,-0.003,-0.1184,0.0805,0.4285
"null",180,13,1000,428,23,TRUE,"null:sunshine_hours",1,0,-2e-04,-0.102,0.1021,0.49275
"null",180,13,1000,428,23,TRUE,"null:daylight_hours",1,0,-0.0022,-0.1175,0.083,0.44625
"null",180,13,1000,428,23,TRUE,"null:pm25",1,0,-0.0023,-0.1074,0.085,0.44625
"null",180,13,1000,428,23,TRUE,"null:indoor_pm25",1,0,0.0202,-0.0389,0.1954,0.744
"null",180,13,1000,428,23,TRUE,"null:indoor_voc",1,0,0.0027,-0.0824,0.1247,0.5645
"null",180,13,1000,428,23,TRUE,"H5",1,0,-0.0956,-0.7164,0.7241,0.4145
"null",180,14,1000,437,23,TRUE,"H1",1,0,-0.0226,-0.2729,0.2351,0.43625
"null",180,14,1000,437,23,TRUE,"H2",1,0,0.12,-0.1439,0.3895,0.81525
"null",180,14,1000,437,23,TRUE,"H3a",-1,0,0.1525,-0.0997,0.4204,0.8825
"null",180,14,1000,437,23,TRUE,"H3b",-1,0,0.038,-0.2421,0.3164,0.60875
"null",180,14,1000,437,23,TRUE,"H4",1,0,0.0623,-0.2045,0.3249,0.68825
"null",180,14,1000,437,23,TRUE,"null:sleep_efficiency",1,0,-0.0053,-0.1686,0.1157,0.434
"null",180,14,1000,437,23,TRUE,"null:hrv_ms",1,0,0.0052,-0.1145,0.1528,0.567
"null",180,14,1000,437,23,TRUE,"null:resting_hr",1,0,0.0065,-0.1137,0.158,0.589
"null",180,14,1000,437,23,TRUE,"null:skin_temp_dev_c",1,0,-0.0299,-0.217,0.0671,0.2505
"null",180,14,1000,437,23,TRUE,"null:exercise_min",1,0,-0.0034,-0.1735,0.1432,0.456
"null",180,14,1000,437,23,TRUE,"null:outdoor_min",1,0,-0.0062,-0.1763,0.1312,0.429
"null",180,14,1000,437,23,TRUE,"null:caffeine_mg",1,0,-0.0044,-0.1584,0.1211,0.44525
"null",180,14,1000,437,23,TRUE,"null:alcohol_units",1,0,0.0105,-0.1162,0.1957,0.61075
"null",180,14,1000,437,23,TRUE,"null:work_day",1,0,0.0352,-0.0703,0.2994,0.744
"null",180,14,1000,437,23,TRUE,"null:travel",1,0,0.0092,-0.1193,0.1766,0.60775
"null",180,14,1000,437,23,TRUE,"null:sick",1,0,0.0222,-0.0854,0.2355,0.69425
"null",180,14,1000,437,23,TRUE,"null:temp_mean_c",1,0,-0.0141,-0.1828,0.0896,0.3545
"null",180,14,1000,437,23,TRUE,"null:precipitation_mm",1,0,-0.0151,-0.1797,0.0871,0.352
"null",180,14,1000,437,23,TRUE,"null:sunshine_hours",1,0,0.0077,-0.0998,0.1646,0.5915
"null",180,14,1000,437,23,TRUE,"null:daylight_hours",1,0,-0.0167,-0.2022,0.0887,0.33125
"null",180,14,1000,437,23,TRUE,"null:pm25",1,0,-0.0414,-0.2416,0.0521,0.218
"null",180,14,1000,437,23,TRUE,"null:indoor_pm25",1,0,0.0337,-0.0591,0.2413,0.753
"null",180,14,1000,437,23,TRUE,"null:indoor_voc",1,0,-0.0165,-0.2012,0.0859,0.34025
"null",180,14,1000,437,23,TRUE,"H5",1,0,0.3286,-0.3738,0.7915,0.8535
"null",180,15,1000,433,23,TRUE,"H1",1,0,0.0983,-0.1617,0.3486,0.7805
"null",180,15,1000,433,23,TRUE,"H2",1,0,-0.0809,-0.3344,0.1887,0.27325
"null",180,15,1000,433,23,TRUE,"H3a",-1,0,-0.1845,-0.4682,0.0976,0.0975
"null",180,15,1000,433,23,TRUE,"H3b",-1,0,-0.2104,-0.4963,0.073,0.0735
"null",180,15,1000,433,23,TRUE,"H4",1,0,0.1892,-0.1033,0.4697,0.89775
"null",180,15,1000,433,23,TRUE,"null:sleep_efficiency",1,0,-0.013,-0.1853,0.0725,0.348
"null",180,15,1000,433,23,TRUE,"null:hrv_ms",1,0,-1e-04,-0.1271,0.1329,0.49825
"null",180,15,1000,433,23,TRUE,"null:resting_hr",1,0,-0.0059,-0.1534,0.1021,0.41725
"null",180,15,1000,433,23,TRUE,"null:skin_temp_dev_c",1,0,0.0268,-0.0527,0.2211,0.73825
"null",180,15,1000,433,23,TRUE,"null:exercise_min",1,0,3e-04,-0.1371,0.1368,0.509
"null",180,15,1000,433,23,TRUE,"null:outdoor_min",1,0,-0.0229,-0.241,0.0621,0.28725
"null",180,15,1000,433,23,TRUE,"null:caffeine_mg",1,0,0.0047,-0.1192,0.1528,0.56975
"null",180,15,1000,433,23,TRUE,"null:alcohol_units",1,0,0.0096,-0.0982,0.1745,0.61675
"null",180,15,1000,433,23,TRUE,"null:work_day",1,0,-0.0047,-0.1914,0.1166,0.434
"null",180,15,1000,433,23,TRUE,"null:travel",1,0,-0.007,-0.18,0.0963,0.39325
"null",180,15,1000,433,23,TRUE,"null:sick",1,0,0.0066,-0.103,0.1661,0.59575
"null",180,15,1000,433,23,TRUE,"null:temp_mean_c",1,0,-0.0103,-0.1845,0.0822,0.368
"null",180,15,1000,433,23,TRUE,"null:precipitation_mm",1,0,0.0034,-0.1043,0.1353,0.561
"null",180,15,1000,433,23,TRUE,"null:sunshine_hours",1,0,-0.0075,-0.1674,0.0943,0.39225
"null",180,15,1000,433,23,TRUE,"null:daylight_hours",1,0,0.0145,-0.0667,0.2186,0.6755
"null",180,15,1000,433,23,TRUE,"null:pm25",1,0,0.0207,-0.0625,0.2105,0.71425
"null",180,15,1000,433,23,TRUE,"null:indoor_pm25",1,0,-0.0044,-0.1485,0.1048,0.43125
"null",180,15,1000,433,23,TRUE,"null:indoor_voc",1,0,-0.0061,-0.1753,0.1016,0.4085
"null",180,15,1000,433,23,TRUE,"H5",1,0,-0.1018,-0.5038,0.3951,0.32925
"null",180,16,1000,418,23,FALSE,"H1",1,0,-0.0372,-0.2877,0.2191,0.3955
"null",180,16,1000,418,23,FALSE,"H2",1,0,-0.1928,-0.4675,0.0827,0.0805
"null",180,16,1000,418,23,FALSE,"H3a",-1,0,-0.0523,-0.3214,0.2299,0.364
"null",180,16,1000,418,23,FALSE,"H3b",-1,0,0.0129,-0.2778,0.3061,0.5365
"null",180,16,1000,418,23,FALSE,"H4",1,0,0.1312,-0.1516,0.4223,0.81675
"null",180,16,1000,418,23,FALSE,"null:sleep_efficiency",1,0,-0.0385,-0.2688,0.0748,0.24325
"null",180,16,1000,418,23,FALSE,"null:hrv_ms",1,0,-0.0244,-0.219,0.097,0.317
"null",180,16,1000,418,23,FALSE,"null:resting_hr",1,0,-0.0309,-0.2475,0.0833,0.29125
"null",180,16,1000,418,23,FALSE,"null:skin_temp_dev_c",1,0,0.0029,-0.1387,0.1597,0.5365
"null",180,16,1000,418,23,FALSE,"null:exercise_min",1,0,0.0083,-0.1358,0.1974,0.587
"null",180,16,1000,418,23,FALSE,"null:outdoor_min",1,0,-0.0101,-0.2216,0.1321,0.409
"null",180,16,1000,418,23,FALSE,"null:caffeine_mg",1,0,-0.0541,-0.3319,0.058,0.2145
"null",180,16,1000,418,23,FALSE,"null:alcohol_units",1,0,-0.0448,-0.2946,0.0703,0.23275
"null",180,16,1000,418,23,FALSE,"null:work_day",1,0,0.0019,-0.1711,0.1866,0.52475
"null",180,16,1000,418,23,FALSE,"null:travel",1,0,0.0339,-0.077,0.2816,0.71825
"null",180,16,1000,418,23,FALSE,"null:sick",1,0,-0.0126,-0.212,0.1209,0.38375
"null",180,16,1000,418,23,FALSE,"null:temp_mean_c",1,0,0.0551,-0.0592,0.3061,0.8
"null",180,16,1000,418,23,FALSE,"null:precipitation_mm",1,0,0.0363,-0.0699,0.2388,0.75025
"null",180,16,1000,418,23,FALSE,"null:sunshine_hours",1,0,-0.0239,-0.226,0.0895,0.316
"null",180,16,1000,418,23,FALSE,"null:daylight_hours",1,0,0.0056,-0.1429,0.1956,0.564
"null",180,16,1000,418,23,FALSE,"null:pm25",1,0,-0.043,-0.2647,0.0681,0.23075
"null",180,16,1000,418,23,FALSE,"null:indoor_pm25",1,0,3e-04,-0.1617,0.1648,0.50525
"null",180,16,1000,418,23,FALSE,"null:indoor_voc",1,0,-0.0165,-0.2226,0.1147,0.3625
"null",180,16,1000,418,23,FALSE,"H5",1,0,0.1946,-0.3512,0.6286,0.78325
"null",180,17,1000,441,23,TRUE,"H1",1,0,-0.0384,-0.25,0.1686,0.36525
"null",180,17,1000,441,23,TRUE,"H2",1,0,-0.1263,-0.3457,0.0852,0.1145
"null",180,17,1000,441,23,TRUE,"H3a",-1,0,0.0966,-0.1503,0.3375,0.787
"null",180,17,1000,441,23,TRUE,"H3b",-1,0,-0.128,-0.3633,0.1144,0.153
"null",180,17,1000,441,23,TRUE,"H4",1,0,-0.0691,-0.2918,0.1594,0.2805
"null",180,17,1000,441,23,TRUE,"null:sleep_efficiency",1,0,-5e-04,-0.0914,0.0775,0.4875
"null",180,17,1000,441,23,TRUE,"null:hrv_ms",1,0,0.0045,-0.0571,0.1125,0.607
"null",180,17,1000,441,23,TRUE,"null:resting_hr",1,0,8e-04,-0.0733,0.0861,0.52475
"null",180,17,1000,441,23,TRUE,"null:skin_temp_dev_c",1,0,0.0057,-0.0536,0.1201,0.62375
"null",180,17,1000,441,23,TRUE,"null:exercise_min",1,0,0.0042,-0.0634,0.12,0.6
"null",180,17,1000,441,23,TRUE,"null:outdoor_min",1,0,0.0017,-0.07,0.1078,0.55125
"null",180,17,1000,441,23,TRUE,"null:caffeine_mg",1,0,-3e-04,-0.0878,0.0893,0.4865
"null",180,17,1000,441,23,TRUE,"null:alcohol_units",1,0,-0.0023,-0.1056,0.066,0.4315
"null",180,17,1000,441,23,TRUE,"null:work_day",1,0,0.0012,-0.079,0.0863,0.53875
"null",180,17,1000,441,23,TRUE,"null:travel",1,0,0.0039,-0.0614,0.1143,0.60075
"null",180,17,1000,441,23,TRUE,"null:sick",1,0,-8e-04,-0.0945,0.0757,0.4725
"null",180,17,1000,441,23,TRUE,"null:temp_mean_c",1,0,-0.0055,-0.1157,0.0629,0.38425
"null",180,17,1000,441,23,TRUE,"null:precipitation_mm",1,0,0.0051,-0.0552,0.12,0.6215
"null",180,17,1000,441,23,TRUE,"null:sunshine_hours",1,0,-0.0032,-0.1084,0.0593,0.41925
"null",180,17,1000,441,23,TRUE,"null:daylight_hours",1,0,-0.0025,-0.0981,0.0793,0.4345
"null",180,17,1000,441,23,TRUE,"null:pm25",1,0,0.0036,-0.0608,0.1023,0.5885
"null",180,17,1000,441,23,TRUE,"null:indoor_pm25",1,0,0.0053,-0.0566,0.1231,0.6145
"null",180,17,1000,441,23,TRUE,"null:indoor_voc",1,0,0.0034,-0.0706,0.1024,0.57975
"null",180,17,1000,441,23,TRUE,"H5",1,0,0.0636,-0.6562,0.7131,0.56175
"null",180,18,1000,418,23,TRUE,"H1",1,0,0.0895,-0.1616,0.3468,0.76275
"null",180,18,1000,418,23,TRUE,"H2",1,0,0.1924,-0.0999,0.4743,0.9145
"null",180,18,1000,418,23,TRUE,"H3a",-1,0,0.1291,-0.1602,0.4085,0.813
"null",180,18,1000,418,23,TRUE,"H3b",-1,0,-0.0298,-0.3162,0.2584,0.41875
"null",180,18,1000,418,23,TRUE,"H4",1,0,-0.0022,-0.3017,0.2881,0.49275
"null",180,18,1000,418,23,TRUE,"null:sleep_efficiency",1,0,0.0079,-0.1187,0.1744,0.59125
"null",180,18,1000,418,23,TRUE,"null:hrv_ms",1,0,0.0051,-0.125,0.1577,0.562
"null",180,18,1000,418,23,TRUE,"null:resting_hr",1,0,0.0585,-0.0482,0.2978,0.8225
"null",180,18,1000,418,23,TRUE,"null:skin_temp_dev_c",1,0,-0.0034,-0.1593,0.1266,0.4565
"null",180,18,1000,418,23,TRUE,"null:exercise_min",1,0,0.0059,-0.1265,0.1719,0.56975
"null",180,18,1000,418,23,TRUE,"null:outdoor_min",1,0,0.0223,-0.0967,0.2285,0.68575
"null",180,18,1000,418,23,TRUE,"null:caffeine_mg",1,0,0.0299,-0.0767,0.2364,0.713
"null",180,18,1000,418,23,TRUE,"null:alcohol_units",1,0,0.023,-0.0911,0.2163,0.67825
"null",180,18,1000,418,23,TRUE,"null:work_day",1,0,-5e-04,-0.1642,0.1549,0.49075
"null",180,18,1000,418,23,TRUE,"null:travel",1,0,-0.0081,-0.1745,0.1177,0.40125
"null",180,18,1000,418,23,TRUE,"null:sick",1,0,-0.0531,-0.2975,0.0534,0.187
"null",180,18,1000,418,23,TRUE,"null:temp_mean_c",1,0,0.0163,-0.1137,0.2055,0.6385
"null",180,18,1000,418,23,TRUE,"null:precipitation_mm",1,0,-0.0071,-0.163,0.1191,0.4195
"null",180,18,1000,418,23,TRUE,"null:sunshine_hours",1,0,0.0285,-0.086,0.2053,0.714
"null",180,18,1000,418,23,TRUE,"null:daylight_hours",1,0,0.008,-0.1268,0.1743,0.58175
"null",180,18,1000,418,23,TRUE,"null:pm25",1,0,0.0368,-0.0672,0.227,0.75125
"null",180,18,1000,418,23,TRUE,"null:indoor_pm25",1,0,-0.0093,-0.1762,0.1158,0.39925
"null",180,18,1000,418,23,TRUE,"null:indoor_voc",1,0,-0.0048,-0.173,0.1211,0.44475
"null",180,18,1000,418,23,TRUE,"H5",1,0,-0.013,-0.5003,0.5121,0.47825
"null",180,19,1000,421,23,TRUE,"H1",1,0,1e-04,-0.221,0.2299,0.50075
"null",180,19,1000,421,23,TRUE,"H2",1,0,-1e-04,-0.2342,0.2461,0.49925
"null",180,19,1000,421,23,TRUE,"H3a",-1,0,-0.0517,-0.316,0.2088,0.35125
"null",180,19,1000,421,23,TRUE,"H3b",-1,0,0.1935,-0.0697,0.4622,0.9215
"null",180,19,1000,421,23,TRUE,"H4",1,0,-0.1506,-0.4235,0.1267,0.14275
"null",180,19,1000,421,23,TRUE,"null:sleep_efficiency",1,0,-4e-04,-0.1015,0.0906,0.47925
"null",180,19,1000,421,23,TRUE,"null:hrv_ms",1,0,0.001,-0.0804,0.098,0.53075
"null",180,19,1000,421,23,TRUE,"null:resting_hr",1,0,0.0079,-0.0577,0.1373,0.6535
"null",180,19,1000,421,23,TRUE,"null:skin_temp_dev_c",1,0,-2e-04,-0.099,0.0946,0.48725
"null",180,19,1000,421,23,TRUE,"null:exercise_min",1,0,-0.0089,-0.1747,0.0584,0.351
"null",180,19,1000,421,23,TRUE,"null:outdoor_min",1,0,-1e-04,-0.1116,0.0981,0.49625
"null",180,19,1000,421,23,TRUE,"null:caffeine_mg",1,0,0.0021,-0.0822,0.1136,0.55875
"null",180,19,1000,421,23,TRUE,"null:alcohol_units",1,0,0.001,-0.0896,0.1122,0.53225
"null",180,19,1000,421,23,TRUE,"null:work_day",1,0,-0.0014,-0.1185,0.0836,0.4545
"null",180,19,1000,421,23,TRUE,"null:travel",1,0,-0.0097,-0.1595,0.0522,0.32875
"null",180,19,1000,421,23,TRUE,"null:sick",1,0,2e-04,-0.0908,0.0971,0.5095
"null",180,19,1000,421,23,TRUE,"null:temp_mean_c",1,0,-0.0056,-0.1286,0.0683,0.374
"null",180,19,1000,421,23,TRUE,"null:precipitation_mm",1,0,0.0026,-0.0743,0.1046,0.56225
"null",180,19,1000,421,23,TRUE,"null:sunshine_hours",1,0,3e-04,-0.0874,0.1111,0.513
"null",180,19,1000,421,23,TRUE,"null:daylight_hours",1,0,-0.0012,-0.1005,0.0933,0.46125
"null",180,19,1000,421,23,TRUE,"null:pm25",1,0,0.0122,-0.0408,0.1521,0.70325
"null",180,19,1000,421,23,TRUE,"null:indoor_pm25",1,0,0.0018,-0.0743,0.1055,0.55425
"null",180,19,1000,421,23,TRUE,"null:indoor_voc",1,0,-0.0027,-0.1151,0.0803,0.4315
"null",180,19,1000,421,23,TRUE,"H5",1,0,-0.1549,-0.7533,0.5686,0.34575
"null",180,20,1000,429,23,FALSE,"H1",1,0,-0.1314,-0.3731,0.1086,0.1395
"null",180,20,1000,429,23,FALSE,"H2",1,0,-0.1721,-0.4638,0.1051,0.11525
"null",180,20,1000,429,23,FALSE,"H3a",-1,0,-0.018,-0.3407,0.2873,0.45075
"null",180,20,1000,429,23,FALSE,"H3b",-1,0,-0.0137,-0.3264,0.2973,0.46275
"null",180,20,1000,429,23,FALSE,"H4",1,0,0.2936,-0.0176,0.6018,0.9675
"null",180,20,1000,429,23,FALSE,"null:sleep_efficiency",1,0,-0.0021,-0.1588,0.1481,0.47325
"null",180,20,1000,429,23,FALSE,"null:hrv_ms",1,0,-0.0905,-0.347,0.0262,0.11675
"null",180,20,1000,429,23,FALSE,"null:resting_hr",1,0,-0.007,-0.1706,0.1142,0.429
"null",180,20,1000,429,23,FALSE,"null:skin_temp_dev_c",1,0,0.0037,-0.124,0.1469,0.55225
"null",180,20,1000,429,23,FALSE,"null:exercise_min",1,0,0.0347,-0.0748,0.2656,0.73325
"null",180,20,1000,429,23,FALSE,"null:outdoor_min",1,0,-0.008,-0.1997,0.1313,0.41425
"null",180,20,1000,429,23,FALSE,"null:caffeine_mg",1,0,-0.0043,-0.1727,0.1415,0.4485
"null",180,20,1000,429,23,FALSE,"null:alcohol_units",1,0,0.0109,-0.1254,0.2004,0.6005
"null",180,20,1000,429,23,FALSE,"null:work_day",1,0,0.0019,-0.1462,0.1691,0.52775
"null",180,20,1000,429,23,FALSE,"null:travel",1,0,0.0016,-0.1345,0.161,0.5225
"null",180,20,1000,429,23,FALSE,"null:sick",1,0,-0.0174,-0.1975,0.1062,0.348
"null",180,20,1000,429,23,FALSE,"null:temp_mean_c",1,0,-0.028,-0.235,0.0776,0.2885
"null",180,20,1000,429,23,FALSE,"null:precipitation_mm",1,0,0.0661,-0.0366,0.2948,0.8455
"null",180,20,1000,429,23,FALSE,"null:sunshine_hours",1,0,0.007,-0.1246,0.1606,0.57225
"null",180,20,1000,429,23,FALSE,"null:daylight_hours",1,0,-0.0022,-0.1531,0.1454,0.474
"null",180,20,1000,429,23,FALSE,"null:pm25",1,0,-0.0011,-0.1509,0.1469,0.485
"null",180,20,1000,429,23,FALSE,"null:indoor_pm25",1,0,-0.0043,-0.1683,0.133,0.44925
"null",180,20,1000,429,23,FALSE,"null:indoor_voc",1,0,0.0044,-0.1377,0.1694,0.55025
"null",180,20,1000,429,23,FALSE,"H5",1,0,0.0569,-0.374,0.4936,0.6145
"null",180,21,1000,444,23,TRUE,"H1",1,0,-0.1991,-0.3985,0.0019,0.02725
"null",180,21,1000,444,23,TRUE,"H2",1,0,0.1195,-0.1029,0.3224,0.86
"null",180,21,1000,444,23,TRUE,"H3a",-1,0,0.1615,-0.0635,0.3911,0.91425
"null",180,21,1000,444,23,TRUE,"H3b",-1,0,0.0101,-0.225,0.2365,0.5325
"null",180,21,1000,444,23,TRUE,"H4",1,0,0.0785,-0.1563,0.3132,0.752
"null",180,21,1000,444,23,TRUE,"null:sleep_efficiency",1,0,0.0116,-0.0418,0.1663,0.69975
"null",180,21,1000,444,23,TRUE,"null:hrv_ms",1,0,-0.0087,-0.1415,0.0499,0.3365
"null",180,21,1000,444,23,TRUE,"null:resting_hr",1,0,0.0017,-0.0733,0.0981,0.55375
"null",180,21,1000,444,23,TRUE,"null:skin_temp_dev_c",1,0,-0.0032,-0.1153,0.0677,0.4125
"null",180,21,1000,444,23,TRUE,"null:exercise_min",1,0,0.0034,-0.0691,0.1285,0.58225
"null",180,21,1000,444,23,TRUE,"null:outdoor_min",1,0,0.0024,-0.0752,0.1225,0.56525
"null",180,21,1000,444,23,TRUE,"null:caffeine_mg",1,0,-0.0034,-0.1228,0.0704,0.417
"null",180,21,1000,444,23,TRUE,"null:alcohol_units",1,0,-0.0037,-0.126,0.065,0.40825
"null",180,21,1000,444,23,TRUE,"null:work_day",1,0,-0.0088,-0.164,0.0502,0.33
"null",180,21,1000,444,23,TRUE,"null:travel",1,0,-0.0025,-0.1099,0.0713,0.42975
"null",180,21,1000,444,23,TRUE,"null:sick",1,0,6e-04,-0.0855,0.0954,0.52075
"null",180,21,1000,444,23,TRUE,"null:temp_mean_c",1,0,-2e-04,-0.0936,0.0935,0.491
"null",180,21,1000,444,23,TRUE,"null:precipitation_mm",1,0,-0.0038,-0.1123,0.0592,0.41075
"null",180,21,1000,444,23,TRUE,"null:sunshine_hours",1,0,0.0023,-0.0672,0.1032,0.5705
"null",180,21,1000,444,23,TRUE,"null:daylight_hours",1,0,-0.0023,-0.1101,0.0706,0.44225
"null",180,21,1000,444,23,TRUE,"null:pm25",1,0,-6e-04,-0.0923,0.0789,0.4775
"null",180,21,1000,444,23,TRUE,"null:indoor_pm25",1,0,0.0021,-0.0791,0.1073,0.55775
"null",180,21,1000,444,23,TRUE,"null:indoor_voc",1,0,0.0022,-0.0719,0.1118,0.563
"null",180,21,1000,444,23,TRUE,"H5",1,0,-0.1682,-0.7994,0.661,0.36125
"null",180,22,1000,432,23,TRUE,"H1",1,0,0.1384,-0.1023,0.3646,0.87525
"null",180,22,1000,432,23,TRUE,"H2",1,0,-0.0389,-0.2668,0.1926,0.36425
"null",180,22,1000,432,23,TRUE,"H3a",-1,0,0.0409,-0.2131,0.3068,0.62925
"null",180,22,1000,432,23,TRUE,"H3b",-1,0,-0.0438,-0.3104,0.2173,0.3705
"null",180,22,1000,432,23,TRUE,"H4",1,0,0.0502,-0.213,0.3141,0.6475
"null",180,22,1000,432,23,TRUE,"null:sleep_efficiency",1,0,0.0015,-0.0986,0.1203,0.539
"null",180,22,1000,432,23,TRUE,"null:hrv_ms",1,0,-0.0035,-0.1302,0.0852,0.42675
"null",180,22,1000,432,23,TRUE,"null:resting_hr",1,0,-0.0085,-0.1663,0.0607,0.353
"null",180,22,1000,432,23,TRUE,"null:skin_temp_dev_c",1,0,0.0027,-0.0773,0.1363,0.56825
"null",180,22,1000,432,23,TRUE,"null:exercise_min",1,0,0.0015,-0.0983,0.1342,0.5345
"null",180,22,1000,432,23,TRUE,"null:outdoor_min",1,0,-0.0113,-0.1862,0.0558,0.32475
"null",180,22,1000,432,23,TRUE,"null:caffeine_mg",1,0,0.0091,-0.0645,0.1549,0.65125
"null",180,22,1000,432,23,TRUE,"null:alcohol_units",1,0,0.0021,-0.0853,0.1301,0.543
"null",180,22,1000,432,23,TRUE,"null:work_day",1,0,-0.0113,-0.2045,0.0576,0.3225
"null",180,22,1000,432,23,TRUE,"null:travel",1,0,0.0088,-0.0646,0.1551,0.6495
"null",180,22,1000,432,23,TRUE,"null:sick",1,0,-1e-04,-0.1092,0.101,0.49625
"null",180,22,1000,432,23,TRUE,"null:temp_mean_c",1,0,-4e-04,-0.1188,0.0944,0.48475
"null",180,22,1000,432,23,TRUE,"null:precipitation_mm",1,0,0.0048,-0.0759,0.1238,0.593
"null",180,22,1000,432,23,TRUE,"null:sunshine_hours",1,0,-0.0024,-0.1193,0.0764,0.44225
"null",180,22,1000,432,23,TRUE,"null:daylight_hours",1,0,0.0111,-0.0546,0.1827,0.6805
"null",180,22,1000,432,23,TRUE,"null:pm25",1,0,0.0049,-0.0726,0.1369,0.593
"null",180,22,1000,432,23,TRUE,"null:indoor_pm25",1,0,0,-0.108,0.1061,0.501
"null",180,22,1000,432,23,TRUE,"null:indoor_voc",1,0,-8e-04,-0.1144,0.1038,0.4785
"null",180,22,1000,432,23,TRUE,"H5",1,0,-0.1045,-0.7822,0.5973,0.397
"null",180,23,1000,426,23,TRUE,"H1",1,0,0.1289,-0.097,0.3535,0.871
"null",180,23,1000,426,23,TRUE,"H2",1,0,0.0477,-0.168,0.2709,0.66
"null",180,23,1000,426,23,TRUE,"H3a",-1,0,0.2097,-0.042,0.4507,0.95075
"null",180,23,1000,426,23,TRUE,"H3b",-1,0,0.1357,-0.1196,0.3865,0.85975
"null",180,23,1000,426,23,TRUE,"H4",1,0,0.0011,-0.2723,0.2543,0.50325
"null",180,23,1000,426,23,TRUE,"null:sleep_efficiency",1,0,-0.005,-0.1272,0.0663,0.40225
"null",180,23,1000,426,23,TRUE,"null:hrv_ms",1,0,-6e-04,-0.0909,0.089,0.48125
"null",180,23,1000,426,23,TRUE,"null:resting_hr",1,0,0,-0.0883,0.0926,0.501
"null",180,23,1000,426,23,TRUE,"null:skin_temp_dev_c",1,0,0.0028,-0.0765,0.1246,0.56225
"null",180,23,1000,426,23,TRUE,"null:exercise_min",1,0,8e-04,-0.0911,0.1111,0.52825
"null",180,23,1000,426,23,TRUE,"null:outdoor_min",1,0,0.011,-0.0495,0.1611,0.6815
"null",180,23,1000,426,23,TRUE,"null:caffeine_mg",1,0,0.0042,-0.0725,0.1276,0.587
"null",180,23,1000,426,23,TRUE,"null:alcohol_units",1,0,0.0014,-0.0774,0.1106,0.5435
"null",180,23,1000,426,23,TRUE,"null:work_day",1,0,-0.005,-0.1372,0.0718,0.39625
"null",180,23,1000,426,23,TRUE,"null:travel",1,0,-4e-04,-0.1015,0.0961,0.48275
"null",180,23,1000,426,23,TRUE,"null:sick",1,0,-5e-04,-0.1054,0.085,0.48375
"null",180,23,1000,426,23,TRUE,"null:temp_mean_c",1,0,0.0026,-0.084,0.11,0.56425
"null",180,23,1000,426,23,TRUE,"null:precipitation_mm",1,0,0.001,-0.0888,0.1002,0.5275
"null",180,23,1000,426,23,TRUE,"null:sunshine_hours",1,0,-0.0012,-0.0967,0.0815,0.464
"null",180,23,1000,426,23,TRUE,"null:daylight_hours",1,0,-0.0011,-0.1081,0.0808,0.46775
"null",180,23,1000,426,23,TRUE,"null:pm25",1,0,0.0136,-0.0427,0.1675,0.7105
"null",180,23,1000,426,23,TRUE,"null:indoor_pm25",1,0,-0.0062,-0.1373,0.0588,0.36525
"null",180,23,1000,426,23,TRUE,"null:indoor_voc",1,0,-0.0032,-0.1215,0.0666,0.425
"null",180,23,1000,426,23,TRUE,"H5",1,0,0.0238,-0.6779,0.6555,0.5255
"null",180,24,1000,445,23,FALSE,"H1",1,0,0.0923,-0.1836,0.36,0.74675
"null",180,24,1000,445,23,FALSE,"H2",1,0,-0.1037,-0.4035,0.1809,0.2285
"null",180,24,1000,445,23,FALSE,"H3a",-1,0,0.1996,-0.0998,0.4953,0.89725
"null",180,24,1000,445,23,FALSE,"H3b",-1,0,-0.1064,-0.4036,0.1866,0.2295
"null",180,24,1000,445,23,FALSE,"H4",1,0,0.0615,-0.2341,0.3447,0.662
"null",180,24,1000,445,23,FALSE,"null:sleep_efficiency",1,0,0.0312,-0.1355,0.2333,0.6595
"null",180,24,1000,445,23,FALSE,"null:hrv_ms",1,0,0.1024,-0.0556,0.3198,0.878
"null",180,24,1000,445,23,FALSE,"null:resting_hr",1,0,-0.0417,-0.2473,0.1186,0.2955
"null",180,24,1000,445,23,FALSE,"null:skin_temp_dev_c",1,0,0.136,-0.0292,0.3873,0.9255
"null",180,24,1000,445,23,FALSE,"null:exercise_min",1,0,-0.0221,-0.2442,0.1576,0.388
"null",180,24,1000,445,23,FALSE,"null:outdoor_min",1,0,0.097,-0.0691,0.3559,0.85025
"null",180,24,1000,445,23,FALSE,"null:caffeine_mg",1,0,-0.012,-0.2017,0.1768,0.43725
"null",180,24,1000,445,23,FALSE,"null:alcohol_units",1,0,0.101,-0.0747,0.3563,0.85375
"null",180,24,1000,445,23,FALSE,"null:work_day",1,0,-0.0161,-0.2447,0.182,0.41175
"null",180,24,1000,445,23,FALSE,"null:travel",1,0,-0.0157,-0.21,0.1609,0.41875
"null",180,24,1000,445,23,FALSE,"null:sick",1,0,-0.0389,-0.2357,0.1278,0.30325
"null",180,24,1000,445,23,FALSE,"null:temp_mean_c",1,0,-0.007,-0.2062,0.199,0.46175
"null",180,24,1000,445,23,FALSE,"null:precipitation_mm",1,0,-0.0473,-0.247,0.1068,0.26875
"null",180,24,1000,445,23,FALSE,"null:sunshine_hours",1,0,-0.119,-0.3343,0.0382,0.093
"null",180,24,1000,445,23,FALSE,"null:daylight_hours",1,0,-0.0748,-0.3133,0.0925,0.208
"null",180,24,1000,445,23,FALSE,"null:pm25",1,0,-0.0226,-0.2,0.1399,0.37525
"null",180,24,1000,445,23,FALSE,"null:indoor_pm25",1,0,-0.0518,-0.2781,0.1292,0.27775
"null",180,24,1000,445,23,FALSE,"null:indoor_voc",1,0,0.0944,-0.0725,0.3439,0.853
"null",180,24,1000,445,23,FALSE,"H5",1,0,-0.0136,-0.5978,0.5388,0.4795
"null",180,25,1000,430,23,TRUE,"H1",1,0,-0.0413,-0.2939,0.2164,0.375
"null",180,25,1000,430,23,TRUE,"H2",1,0,0.1198,-0.1255,0.3778,0.8295
"null",180,25,1000,430,23,TRUE,"H3a",-1,0,-0.2093,-0.4732,0.0636,0.06675
"null",180,25,1000,430,23,TRUE,"H3b",-1,0,0.0598,-0.2193,0.3356,0.671
"null",180,25,1000,430,23,TRUE,"H4",1,0,-0.1383,-0.4159,0.1634,0.1715
"null",180,25,1000,430,23,TRUE,"null:sleep_efficiency",1,0,0.0195,-0.0691,0.199,0.70675
"null",180,25,1000,430,23,TRUE,"null:hrv_ms",1,0,0.0015,-0.109,0.1289,0.52775
"null",180,25,1000,430,23,TRUE,"null:resting_hr",1,0,0.0012,-0.1085,0.1275,0.53025
"null",180,25,1000,430,23,TRUE,"null:skin_temp_dev_c",1,0,0.0026,-0.0998,0.136,0.551
"null",180,25,1000,430,23,TRUE,"null:exercise_min",1,0,-9e-04,-0.1431,0.1251,0.479
"null",180,25,1000,430,23,TRUE,"null:outdoor_min",1,0,-0.0209,-0.2201,0.0613,0.277
"null",180,25,1000,430,23,TRUE,"null:caffeine_mg",1,0,0.0158,-0.0702,0.1866,0.6805
"null",180,25,1000,430,23,TRUE,"null:alcohol_units",1,0,0.0157,-0.0733,0.2155,0.6705
"null",180,25,1000,430,23,TRUE,"null:work_day",1,0,0.0135,-0.0802,0.2323,0.66425
"null",180,25,1000,430,23,TRUE,"null:travel",1,0,0.0063,-0.0952,0.1576,0.59375
"null",180,25,1000,430,23,TRUE,"null:sick",1,0,0.0032,-0.1128,0.1357,0.54925
"null",180,25,1000,430,23,TRUE,"null:temp_mean_c",1,0,0.0081,-0.0863,0.1596,0.6185
"null",180,25,1000,430,23,TRUE,"null:precipitation_mm",1,0,-0.0028,-0.1319,0.1103,0.4495
"null",180,25,1000,430,23,TRUE,"null:sunshine_hours",1,0,0.0063,-0.0959,0.1514,0.595
"null",180,25,1000,430,23,TRUE,"null:daylight_hours",1,0,0.003,-0.1103,0.1375,0.55125
"null",180,25,1000,430,23,TRUE,"null:pm25",1,0,-0.0035,-0.1331,0.1026,0.4365
"null",180,25,1000,430,23,TRUE,"null:indoor_pm25",1,0,-0.0054,-0.1439,0.1035,0.41725
"null",180,25,1000,430,23,TRUE,"null:indoor_voc",1,0,-0.0268,-0.248,0.054,0.2585
"null",180,25,1000,430,23,TRUE,"H5",1,0,-0.0568,-0.5225,0.3931,0.3905
"null",180,26,1000,420,23,TRUE,"H1",1,0,0.1294,-0.1027,0.3661,0.8655
"null",180,26,1000,420,23,TRUE,"H2",1,0,-0.0503,-0.2879,0.188,0.33425
"null",180,26,1000,420,23,TRUE,"H3a",-1,0,-0.1965,-0.4577,0.0566,0.064
"null",180,26,1000,420,23,TRUE,"H3b",-1,0,-0.0493,-0.3098,0.2055,0.36575
"null",180,26,1000,420,23,TRUE,"H4",1,0,-0.2166,-0.4792,0.0335,0.046
"null",180,26,1000,420,23,TRUE,"null:sleep_efficiency",1,0,0.0061,-0.0865,0.1453,0.6015
"null",180,26,1000,420,23,TRUE,"null:hrv_ms",1,0,-0.0024,-0.118,0.0961,0.454
"null",180,26,1000,420,23,TRUE,"null:resting_hr",1,0,-0.0079,-0.1479,0.0747,0.3745
"null",180,26,1000,420,23,TRUE,"null:skin_temp_dev_c",1,0,-0.0015,-0.1232,0.1007,0.4635
"null",180,26,1000,420,23,TRUE,"null:exercise_min",1,0,-0.0018,-0.1364,0.104,0.46625
"null",180,26,1000,420,23,TRUE,"null:outdoor_min",1,0,-0.0085,-0.1625,0.074,0.37025
"null",180,26,1000,420,23,TRUE,"null:caffeine_mg",1,0,0.006,-0.0894,0.1457,0.60375
"null",180,26,1000,420,23,TRUE,"null:alcohol_units",1,0,-0.0291,-0.2327,0.0361,0.227
"null",180,26,1000,420,23,TRUE,"null:work_day",1,0,0.0177,-0.0588,0.2141,0.69775
"null",180,26,1000,420,23,TRUE,"null:travel",1,0,-0.0069,-0.1653,0.0861,0.38875
"null",180,26,1000,420,23,TRUE,"null:sick",1,0,-0.0066,-0.1462,0.0796,0.402
"null",180,26,1000,420,23,TRUE,"null:temp_mean_c",1,0,-0.0128,-0.1835,0.0659,0.3335
"null",180,26,1000,420,23,TRUE,"null:precipitation_mm",1,0,0.0204,-0.0474,0.1858,0.7325
"null",180,26,1000,420,23,TRUE,"null:sunshine_hours",1,0,-0.0061,-0.1367,0.0841,0.40125
"null",180,26,1000,420,23,TRUE,"null:daylight_hours",1,0,0.0031,-0.0884,0.1464,0.56425
"null",180,26,1000,420,23,TRUE,"null:pm25",1,0,-0.001,-0.1265,0.0987,0.4725
"null",180,26,1000,420,23,TRUE,"null:indoor_pm25",1,0,-0.0021,-0.13,0.096,0.46125
"null",180,26,1000,420,23,TRUE,"null:indoor_voc",1,0,2e-04,-0.1189,0.1151,0.506
"null",180,26,1000,420,23,TRUE,"H5",1,0,-0.267,-0.7252,0.5191,0.2235
"null",180,27,1000,433,23,TRUE,"H1",1,0,0.0638,-0.1584,0.2927,0.7195
"null",180,27,1000,433,23,TRUE,"H2",1,0,0.0489,-0.1814,0.2905,0.6645
"null",180,27,1000,433,23,TRUE,"H3a",-1,0,0.0907,-0.1651,0.3556,0.758
"null",180,27,1000,433,23,TRUE,"H3b",-1,0,0.1624,-0.1087,0.4193,0.886
"null",180,27,1000,433,23,TRUE,"H4",1,0,0.1187,-0.1648,0.3953,0.798
"null",180,27,1000,433,23,TRUE,"null:sleep_efficiency",1,0,0.0015,-0.0685,0.0979,0.549
"null",180,27,1000,433,23,TRUE,"null:hrv_ms",1,0,7e-04,-0.0788,0.0937,0.52875
"null",180,27,1000,433,23,TRUE,"null:resting_hr",1,0,0.0029,-0.0645,0.1078,0.5825
"null",180,27,1000,433,23,TRUE,"null:skin_temp_dev_c",1,0,0.0028,-0.0688,0.1017,0.588
"null",180,27,1000,433,23,TRUE,"null:exercise_min",1,0,6e-04,-0.074,0.0869,0.522
"null",180,27,1000,433,23,TRUE,"null:outdoor_min",1,0,-0.0028,-0.1053,0.07,0.4235
"null",180,27,1000,433,23,TRUE,"null:caffeine_mg",1,0,-0.0025,-0.1083,0.0713,0.42625
"null",180,27,1000,433,23,TRUE,"null:alcohol_units",1,0,7e-04,-0.0778,0.0917,0.5285
"null",180,27,1000,433,23,TRUE,"null:work_day",1,0,-0.0015,-0.1064,0.0785,0.449
"null",180,27,1000,433,23,TRUE,"null:travel",1,0,-0.0068,-0.1369,0.0522,0.3495
"null",180,27,1000,433,23,TRUE,"null:sick",1,0,0.0012,-0.0753,0.1007,0.539
"null",180,27,1000,433,23,TRUE,"null:temp_mean_c",1,0,-0.0048,-0.1185,0.0555,0.38475
"null",180,27,1000,433,23,TRUE,"null:precipitation_mm",1,0,-9e-04,-0.0924,0.0682,0.46425
"null",180,27,1000,433,23,TRUE,"null:sunshine_hours",1,0,-2e-04,-0.0835,0.0839,0.48975
"null",180,27,1000,433,23,TRUE,"null:daylight_hours",1,0,-2e-04,-0.0887,0.0915,0.492
"null",180,27,1000,433,23,TRUE,"null:pm25",1,0,-2e-04,-0.0832,0.0796,0.48875
"null",180,27,1000,433,23,TRUE,"null:indoor_pm25",1,0,0.0038,-0.0589,0.1181,0.6015
"null",180,27,1000,433,23,TRUE,"null:indoor_voc",1,0,-6e-04,-0.0971,0.0867,0.475
"null",180,27,1000,433,23,TRUE,"H5",1,0,-0.1817,-0.7224,0.4028,0.249
"null",180,28,1000,432,23,FALSE,"H1",1,0,0.2202,-0.0172,0.4772,0.9655
"null",180,28,1000,432,23,FALSE,"H2",1,0,-0.1387,-0.3795,0.1211,0.13625
"null",180,28,1000,432,23,FALSE,"H3a",-1,0,-0.0207,-0.2797,0.2359,0.43125
"null",180,28,1000,432,23,FALSE,"H3b",-1,0,-0.0207,-0.2748,0.2353,0.4435
"null",180,28,1000,432,23,FALSE,"H4",1,0,-0.177,-0.4308,0.0831,0.088
"null",180,28,1000,432,23,FALSE,"null:sleep_efficiency",1,0,-0.0034,-0.1319,0.1082,0.44475
"null",180,28,1000,432,23,FALSE,"null:hrv_ms",1,0,-0.0144,-0.1649,0.0768,0.3285
"null",180,28,1000,432,23,FALSE,"null:resting_hr",1,0,-0.0189,-0.1889,0.0647,0.3
"null",180,28,1000,432,23,FALSE,"null:skin_temp_dev_c",1,0,0.0125,-0.0846,0.1653,0.64225
"null",180,28,1000,432,23,FALSE,"null:exercise_min",1,0,0.0024,-0.1234,0.1414,0.54375
"null",180,28,1000,432,23,FALSE,"null:outdoor_min",1,0,-0.0219,-0.2119,0.0692,0.28975
"null",180,28,1000,432,23,FALSE,"null:caffeine_mg",1,0,-0.0247,-0.2154,0.0582,0.26575
"null",180,28,1000,432,23,FALSE,"null:alcohol_units",1,0,0.0231,-0.0626,0.2031,0.7195
"null",180,28,1000,432,23,FALSE,"null:work_day",1,0,0.0039,-0.1203,0.1643,0.5575
"null",180,28,1000,432,23,FALSE,"null:travel",1,0,0.0138,-0.0763,0.1936,0.6745
"null",180,28,1000,432,23,FALSE,"null:sick",1,0,0.0197,-0.0655,0.2055,0.6965
"null",180,28,1000,432,23,FALSE,"null:temp_mean_c",1,0,6e-04,-0.1062,0.143,0.5115
"null",180,28,1000,432,23,FALSE,"null:precipitation_mm",1,0,0.0033,-0.1013,0.1282,0.546
"null",180,28,1000,432,23,FALSE,"null:sunshine_hours",1,0,-0.0032,-0.1281,0.1053,0.44675
"null",180,28,1000,432,23,FALSE,"null:daylight_hours",1,0,-0.0241,-0.207,0.0602,0.25725
"null",180,28,1000,432,23,FALSE,"null:pm25",1,0,0.0021,-0.1125,0.1388,0.53525
"null",180,28,1000,432,23,FALSE,"null:indoor_pm25",1,0,0.0064,-0.0964,0.1411,0.58725
"null",180,28,1000,432,23,FALSE,"null:indoor_voc",1,0,0.0139,-0.081,0.1806,0.66
"null",180,28,1000,432,23,FALSE,"H5",1,0,-0.2464,-0.6386,0.3248,0.17075
"null",180,29,1000,427,23,TRUE,"H1",1,0,-0.0286,-0.2971,0.2365,0.41775
"null",180,29,1000,427,23,TRUE,"H2",1,0,-0.0094,-0.2899,0.2529,0.47
"null",180,29,1000,427,23,TRUE,"H3a",-1,0,-0.207,-0.4867,0.085,0.08175
"null",180,29,1000,427,23,TRUE,"H3b",-1,0,0.011,-0.2801,0.2989,0.53225
"null",180,29,1000,427,23,TRUE,"H4",1,0,-0.1089,-0.4015,0.1794,0.22975
"null",180,29,1000,427,23,TRUE,"null:sleep_efficiency",1,0,0.0102,-0.0776,0.2026,0.6375
"null",180,29,1000,427,23,TRUE,"null:hrv_ms",1,0,0.0057,-0.0891,0.1524,0.593
"null",180,29,1000,427,23,TRUE,"null:resting_hr",1,0,-0.0061,-0.1609,0.0905,0.4035
"null",180,29,1000,427,23,TRUE,"null:skin_temp_dev_c",1,0,-0.0014,-0.1411,0.1129,0.471
"null",180,29,1000,427,23,TRUE,"null:exercise_min",1,0,-0.0056,-0.1688,0.1042,0.418
"null",180,29,1000,427,23,TRUE,"null:outdoor_min",1,0,0.0193,-0.0614,0.2404,0.6995
"null",180,29,1000,427,23,TRUE,"null:caffeine_mg",1,0,-7e-04,-0.1383,0.118,0.48325
"null",180,29,1000,427,23,TRUE,"null:alcohol_units",1,0,-0.0082,-0.1866,0.0944,0.3905
"null",180,29,1000,427,23,TRUE,"null:work_day",1,0,0.0026,-0.1164,0.154,0.54725
"null",180,29,1000,427,23,TRUE,"null:travel",1,0,0.0069,-0.0928,0.1701,0.6035
"null",180,29,1000,427,23,TRUE,"null:sick",1,0,-0.0048,-0.1583,0.1004,0.41975
"null",180,29,1000,427,23,TRUE,"null:temp_mean_c",1,0,-0.0149,-0.1989,0.0715,0.31975
"null",180,29,1000,427,23,TRUE,"null:precipitation_mm",1,0,-0.0072,-0.1651,0.0886,0.38425
"null",180,29,1000,427,23,TRUE,"null:sunshine_hours",1,0,0.008,-0.0872,0.1747,0.62075
"null",180,29,1000,427,23,TRUE,"null:daylight_hours",1,0,-0.0118,-0.1931,0.0792,0.35075
"null",180,29,1000,427,23,TRUE,"null:pm25",1,0,0.002,-0.1059,0.1415,0.5455
"null",180,29,1000,427,23,TRUE,"null:indoor_pm25",1,0,0.0027,-0.1077,0.1464,0.55025
"null",180,29,1000,427,23,TRUE,"null:indoor_voc",1,0,-0.0147,-0.1989,0.0699,0.309
"null",180,29,1000,427,23,TRUE,"H5",1,0,0.02,-0.3361,0.37,0.54475
"null",180,30,1000,429,23,TRUE,"H1",1,0,0.0781,-0.194,0.3679,0.70975
"null",180,30,1000,429,23,TRUE,"H2",1,0,-0.1433,-0.4192,0.151,0.16
"null",180,30,1000,429,23,TRUE,"H3a",-1,0,0.0851,-0.2453,0.4253,0.68625
"null",180,30,1000,429,23,TRUE,"H3b",-1,0,0.0604,-0.2479,0.3592,0.655
"null",180,30,1000,429,23,TRUE,"H4",1,0,-0.0162,-0.3198,0.3099,0.4635
"null",180,30,1000,429,23,TRUE,"null:sleep_efficiency",1,0,0.0132,-0.0514,0.1847,0.68575
"null",180,30,1000,429,23,TRUE,"null:hrv_ms",1,0,5e-04,-0.1109,0.1198,0.51575
"null",180,30,1000,429,23,TRUE,"null:resting_hr",1,0,0.0028,-0.0889,0.1325,0.5595
"null",180,30,1000,429,23,TRUE,"null:skin_temp_dev_c",1,0,3e-04,-0.1079,0.1194,0.51
"null",180,30,1000,429,23,TRUE,"null:exercise_min",1,0,-4e-04,-0.1257,0.1114,0.48725
"null",180,30,1000,429,23,TRUE,"null:outdoor_min",1,0,5e-04,-0.121,0.1228,0.5165
"null",180,30,1000,429,23,TRUE,"null:caffeine_mg",1,0,-0.0019,-0.1358,0.0938,0.4485
"null",180,30,1000,429,23,TRUE,"null:alcohol_units",1,0,-0.0032,-0.141,0.0963,0.43075
"null",180,30,1000,429,23,TRUE,"null:work_day",1,0,-0.0017,-0.1303,0.1022,0.46025
"null",180,30,1000,429,23,TRUE,"null:travel",1,0,-0.0138,-0.1947,0.0566,0.31675
"null",180,30,1000,429,23,TRUE,"null:sick",1,0,1e-04,-0.1131,0.1155,0.5025
"null",180,30,1000,429,23,TRUE,"null:temp_mean_c",1,0,-9e-04,-0.1209,0.1072,0.47575
"null",180,30,1000,429,23,TRUE,"null:precipitation_mm",1,0,0.0108,-0.061,0.1629,0.66925
"null",180,30,1000,429,23,TRUE,"null:sunshine_hours",1,0,-0.0111,-0.1668,0.0652,0.33375
"null",180,30,1000,429,23,TRUE,"null:daylight_hours",1,0,0.0018,-0.0965,0.1231,0.5455
"null",180,30,1000,429,23,TRUE,"null:pm25",1,0,9e-04,-0.1025,0.1159,0.52625
"null",180,30,1000,429,23,TRUE,"null:indoor_pm25",1,0,4e-04,-0.1133,0.1218,0.513
"null",180,30,1000,429,23,TRUE,"null:indoor_voc",1,0,0.003,-0.1004,0.1361,0.557
"null",180,30,1000,429,23,TRUE,"H5",1,0,0.06,-0.3972,0.526,0.609
"null",180,31,1000,434,23,TRUE,"H1",1,0,-0.0277,-0.2635,0.1968,0.39825
"null",180,31,1000,434,23,TRUE,"H2",1,0,-0.1035,-0.3356,0.1243,0.188
"null",180,31,1000,434,23,TRUE,"H3a",-1,0,-0.1923,-0.4542,0.0851,0.0865
"null",180,31,1000,434,23,TRUE,"H3b",-1,0,0.1616,-0.1158,0.435,0.88
"null",180,31,1000,434,23,TRUE,"H4",1,0,0.2441,-0.0464,0.5335,0.948
"null",180,31,1000,434,23,TRUE,"null:sleep_efficiency",1,0,-0.0085,-0.153,0.0671,0.3565
"null",180,31,1000,434,23,TRUE,"null:hrv_ms",1,0,0.0223,-0.0447,0.207,0.75175
"null",180,31,1000,434,23,TRUE,"null:resting_hr",1,0,-0.0016,-0.1153,0.0992,0.46725
"null",180,31,1000,434,23,TRUE,"null:skin_temp_dev_c",1,0,-0.0035,-0.1279,0.0854,0.4355
"null",180,31,1000,434,23,TRUE,"null:exercise_min",1,0,0.0083,-0.0756,0.1611,0.628
"null",180,31,1000,434,23,TRUE,"null:outdoor_min",1,0,-5e-04,-0.1054,0.1094,0.48825
"null",180,31,1000,434,23,TRUE,"null:caffeine_mg",1,0,-0.0031,-0.1386,0.0943,0.4325
"null",180,31,1000,434,23,TRUE,"null:alcohol_units",1,0,-0.0031,-0.1298,0.0972,0.4395
"null",180,31,1000,434,23,TRUE,"null:work_day",1,0,-0.0052,-0.1459,0.0891,0.406
"null",180,31,1000,434,23,TRUE,"null:travel",1,0,-0.0104,-0.1708,0.0645,0.35125
"null",180,31,1000,434,23,TRUE,"null:sick",1,0,0.003,-0.0871,0.1368,0.56
"null",180,31,1000,434,23,TRUE,"null:temp_mean_c",1,0,-0.0028,-0.1196,0.0997,0.44925
"null",180,31,1000,434,23,TRUE,"null:precipitation_mm",1,0,8e-04,-0.0945,0.1112,0.51875
"null",180,31,1000,434,23,TRUE,"null:sunshine_hours",1,0,-0.0193,-0.1834,0.0478,0.26025
"null",180,31,1000,434,23,TRUE,"null:daylight_hours",1,0,-0.0134,-0.1792,0.058,0.32125
"null",180,31,1000,434,23,TRUE,"null:pm25",1,0,0.0082,-0.069,0.1442,0.62725
"null",180,31,1000,434,23,TRUE,"null:indoor_pm25",1,0,0.0048,-0.0882,0.1355,0.58025
"null",180,31,1000,434,23,TRUE,"null:indoor_voc",1,0,-0.0036,-0.1279,0.0868,0.43275
"null",180,31,1000,434,23,TRUE,"H5",1,0,0.2396,-0.553,0.6955,0.774
"null",180,32,1000,436,23,FALSE,"H1",1,0,-0.2275,-0.4657,0.0168,0.0325
"null",180,32,1000,436,23,FALSE,"H2",1,0,0.0269,-0.2209,0.2689,0.586
"null",180,32,1000,436,23,FALSE,"H3a",-1,0,0.1711,-0.1148,0.4544,0.872
"null",180,32,1000,436,23,FALSE,"H3b",-1,0,0.2291,-0.0621,0.5049,0.94325
"null",180,32,1000,436,23,FALSE,"H4",1,0,0.066,-0.231,0.3635,0.66975
"null",180,32,1000,436,23,FALSE,"null:sleep_efficiency",1,0,-0.0016,-0.1061,0.0762,0.44825
"null",180,32,1000,436,23,FALSE,"null:hrv_ms",1,0,-0.0024,-0.1108,0.0695,0.43225
"null",180,32,1000,436,23,FALSE,"null:resting_hr",1,0,0.0039,-0.0665,0.114,0.592
"null",180,32,1000,436,23,FALSE,"null:skin_temp_dev_c",1,0,0.0025,-0.0682,0.1099,0.571
"null",180,32,1000,436,23,FALSE,"null:exercise_min",1,0,9e-04,-0.0826,0.1062,0.5305
"null",180,32,1000,436,23,FALSE,"null:outdoor_min",1,0,0.0049,-0.063,0.1323,0.6075
"null",180,32,1000,436,23,FALSE,"null:caffeine_mg",1,0,8e-04,-0.0812,0.0997,0.525
"null",180,32,1000,436,23,FALSE,"null:alcohol_units",1,0,-0.0022,-0.1105,0.0763,0.4385
"null",180,32,1000,436,23,FALSE,"null:work_day",1,0,0,-0.0995,0.0921,0.5005
"null",180,32,1000,436,23,FALSE,"null:travel",1,0,2e-04,-0.0845,0.0899,0.50925
"null",180,32,1000,436,23,FALSE,"null:sick",1,0,-0.0023,-0.1061,0.0715,0.42425
"null",180,32,1000,436,23,FALSE,"null:temp_mean_c",1,0,0.0018,-0.0771,0.1045,0.5535
"null",180,32,1000,436,23,FALSE,"null:precipitation_mm",1,0,0.0066,-0.0507,0.1435,0.6405
"null",180,32,1000,436,23,FALSE,"null:sunshine_hours",1,0,-0.0034,-0.1044,0.0617,0.4135
"null",180,32,1000,436,23,FALSE,"null:daylight_hours",1,0,0.0016,-0.076,0.1089,0.54725
"null",180,32,1000,436,23,FALSE,"null:pm25",1,0,-0.0033,-0.1145,0.0652,0.41575
"null",180,32,1000,436,23,FALSE,"null:indoor_pm25",1,0,6e-04,-0.0786,0.099,0.52275
"null",180,32,1000,436,23,FALSE,"null:indoor_voc",1,0,0.0018,-0.0793,0.1074,0.55175
"null",180,32,1000,436,23,FALSE,"H5",1,0,-0.1323,-0.7951,0.415,0.30975
"null",180,33,1000,436,23,TRUE,"H1",1,0,0.1862,-0.0677,0.4513,0.9255
"null",180,33,1000,436,23,TRUE,"H2",1,0,0.1879,-0.0807,0.4513,0.9155
"null",180,33,1000,436,23,TRUE,"H3a",-1,0,0.1361,-0.167,0.4206,0.81725
"null",180,33,1000,436,23,TRUE,"H3b",-1,0,-0.2219,-0.4973,0.0568,0.062
"null",180,33,1000,436,23,TRUE,"H4",1,0,0.0981,-0.1898,0.3971,0.73975
"null",180,33,1000,436,23,TRUE,"null:sleep_efficiency",1,0,0.0056,-0.0798,0.1509,0.60625
"null",180,33,1000,436,23,TRUE,"null:hrv_ms",1,0,3e-04,-0.1028,0.1091,0.51075
"null",180,33,1000,436,23,TRUE,"null:resting_hr",1,0,-0.006,-0.1511,0.0683,0.38
"null",180,33,1000,436,23,TRUE,"null:skin_temp_dev_c",1,0,-0.0035,-0.1311,0.0869,0.42375
"null",180,33,1000,436,23,TRUE,"null:exercise_min",1,0,0.0017,-0.0958,0.135,0.55025
"null",180,33,1000,436,23,TRUE,"null:outdoor_min",1,0,-8e-04,-0.106,0.1151,0.4775
"null",180,33,1000,436,23,TRUE,"null:caffeine_mg",1,0,0.0012,-0.095,0.125,0.53325
"null",180,33,1000,436,23,TRUE,"null:alcohol_units",1,0,-0.003,-0.129,0.0822,0.43725
"null",180,33,1000,436,23,TRUE,"null:work_day",1,0,0.0045,-0.0789,0.1592,0.59375
"null",180,33,1000,436,23,TRUE,"null:travel",1,0,0.0081,-0.0614,0.1751,0.65025
"null",180,33,1000,436,23,TRUE,"null:sick",1,0,-0.0057,-0.1463,0.07,0.3925
"null",180,33,1000,436,23,TRUE,"null:temp_mean_c",1,0,0.0012,-0.0945,0.1145,0.5305
"null",180,33,1000,436,23,TRUE,"null:precipitation_mm",1,0,-0.0083,-0.1615,0.0612,0.34675
"null",180,33,1000,436,23,TRUE,"null:sunshine_hours",1,0,1e-04,-0.1037,0.1079,0.5015
"null",180,33,1000,436,23,TRUE,"null:daylight_hours",1,0,-0.0013,-0.1169,0.0975,0.46525
"null",180,33,1000,436,23,TRUE,"null:pm25",1,0,0.0024,-0.0888,0.1243,0.5585
"null",180,33,1000,436,23,TRUE,"null:indoor_pm25",1,0,0.0017,-0.0939,0.1232,0.545
"null",180,33,1000,436,23,TRUE,"null:indoor_voc",1,0,0.0087,-0.0641,0.161,0.6295
"null",180,33,1000,436,23,TRUE,"H5",1,0,0.0663,-0.3943,0.5249,0.6155
"null",180,34,1000,430,23,TRUE,"H1",1,0,-0.065,-0.3203,0.1697,0.29625
"null",180,34,1000,430,23,TRUE,"H2",1,0,0.0221,-0.2619,0.3008,0.56425
"null",180,34,1000,430,23,TRUE,"H3a",-1,0,0.0684,-0.202,0.3342,0.68425
"null",180,34,1000,430,23,TRUE,"H3b",-1,0,-0.1829,-0.4328,0.0615,0.069
"null",180,34,1000,430,23,TRUE,"H4",1,0,-0.0841,-0.3505,0.1733,0.268
"null",180,34,1000,430,23,TRUE,"null:sleep_efficiency",1,0,0.0046,-0.0946,0.1565,0.583
"null",180,34,1000,430,23,TRUE,"null:hrv_ms",1,0,0.0101,-0.0736,0.1607,0.65075
"null",180,34,1000,430,23,TRUE,"null:resting_hr",1,0,-4e-04,-0.1161,0.1077,0.489
"null",180,34,1000,430,23,TRUE,"null:skin_temp_dev_c",1,0,-0.001,-0.1196,0.1043,0.47
"null",180,34,1000,430,23,TRUE,"null:exercise_min",1,0,0.01,-0.0817,0.1945,0.636
"null",180,34,1000,430,23,TRUE,"null:outdoor_min",1,0,-0.0051,-0.1685,0.0915,0.41075
"null",180,34,1000,430,23,TRUE,"null:caffeine_mg",1,0,0.0057,-0.0803,0.1534,0.603
"null",180,34,1000,430,23,TRUE,"null:alcohol_units",1,0,0.0177,-0.0555,0.2125,0.713
"null",180,34,1000,430,23,TRUE,"null:work_day",1,0,-0.0016,-0.1459,0.1126,0.46075
"null",180,34,1000,430,23,TRUE,"null:travel",1,0,-0.0161,-0.201,0.0588,0.302
"null",180,34,1000,430,23,TRUE,"null:sick",1,0,0.0103,-0.0811,0.1721,0.6405
"null",180,34,1000,430,23,TRUE,"null:temp_mean_c",1,0,-0.0037,-0.1399,0.0944,0.43425
"null",180,34,1000,430,23,TRUE,"null:precipitation_mm",1,0,-7e-04,-0.1192,0.1087,0.48225
"null",180,34,1000,430,23,TRUE,"null:sunshine_hours",1,0,0.0112,-0.0711,0.1748,0.65625
"null",180,34,1000,430,23,TRUE,"null:daylight_hours",1,0,-0.0022,-0.1304,0.1102,0.4545
"null",180,34,1000,430,23,TRUE,"null:pm25",1,0,0.0078,-0.0786,0.1516,0.61025
"null",180,34,1000,430,23,TRUE,"null:indoor_pm25",1,0,0.0159,-0.0641,0.203,0.6895
"null",180,34,1000,430,23,TRUE,"null:indoor_voc",1,0,0.0029,-0.0949,0.1463,0.55825
"null",180,34,1000,430,23,TRUE,"H5",1,0,0.2119,-0.3805,0.7665,0.7845
"null",180,35,1000,424,23,TRUE,"H1",1,0,-7e-04,-0.2243,0.2239,0.497
"null",180,35,1000,424,23,TRUE,"H2",1,0,-0.236,-0.4902,0.029,0.0415
"null",180,35,1000,424,23,TRUE,"H3a",-1,0,0.0475,-0.1951,0.3012,0.6485
"null",180,35,1000,424,23,TRUE,"H3b",-1,0,-0.0627,-0.3191,0.1804,0.306
"null",180,35,1000,424,23,TRUE,"H4",1,0,-0.1324,-0.3863,0.1247,0.15525
"null",180,35,1000,424,23,TRUE,"null:sleep_efficiency",1,0,-0.0091,-0.1732,0.0971,0.39575
"null",180,35,1000,424,23,TRUE,"null:hrv_ms",1,0,-0.0037,-0.1493,0.1005,0.4425
"null",180,35,1000,424,23,TRUE,"null:resting_hr",1,0,-0.0282,-0.2147,0.0627,0.26025
"null",180,35,1000,424,23,TRUE,"null:skin_temp_dev_c",1,0,0.0241,-0.0651,0.2102,0.726
"null",180,35,1000,424,23,TRUE,"null:exercise_min",1,0,-0.0239,-0.2577,0.0725,0.28175
"null",180,35,1000,424,23,TRUE,"null:outdoor_min",1,0,0.0015,-0.1266,0.1452,0.53025
"null",180,35,1000,424,23,TRUE,"null:caffeine_mg",1,0,-0.0408,-0.2734,0.0487,0.21775
"null",180,35,1000,424,23,TRUE,"null:alcohol_units",1,0,0.0056,-0.1052,0.1679,0.57725
"null",180,35,1000,424,23,TRUE,"null:work_day",1,0,-0.0084,-0.1974,0.1135,0.39625
"null",180,35,1000,424,23,TRUE,"null:travel",1,0,0.0023,-0.1172,0.1428,0.537
"null",180,35,1000,424,23,TRUE,"null:sick",1,0,-0.0249,-0.2382,0.0666,0.284
"null",180,35,1000,424,23,TRUE,"null:temp_mean_c",1,0,0.0105,-0.0888,0.172,0.6215
"null",180,35,1000,424,23,TRUE,"null:precipitation_mm",1,0,-0.0408,-0.2474,0.04,0.20775
"null",180,35,1000,424,23,TRUE,"null:sunshine_hours",1,0,-0.0151,-0.173,0.081,0.33725
"null",180,35,1000,424,23,TRUE,"null:daylight_hours",1,0,0.0079,-0.1103,0.1533,0.6065
"null",180,35,1000,424,23,TRUE,"null:pm25",1,0,0.0075,-0.0897,0.1534,0.60025
"null",180,35,1000,424,23,TRUE,"null:indoor_pm25",1,0,0.0034,-0.1186,0.1535,0.55625
"null",180,35,1000,424,23,TRUE,"null:indoor_voc",1,0,0.0119,-0.0853,0.1929,0.637
"null",180,35,1000,424,23,TRUE,"H5",1,0,-0.1705,-0.7043,0.5633,0.304
"null",180,36,1000,424,23,TRUE,"H1",1,0,-0.1411,-0.3865,0.1144,0.13075
"null",180,36,1000,424,23,TRUE,"H2",1,0,-0.0121,-0.2549,0.2466,0.4645
"null",180,36,1000,424,23,TRUE,"H3a",-1,0,-0.0437,-0.3277,0.2196,0.37675
"null",180,36,1000,424,23,TRUE,"H3b",-1,0,-0.096,-0.3691,0.1722,0.25475
"null",180,36,1000,424,23,TRUE,"H4",1,0,-0.0758,-0.3666,0.2097,0.303
"null",180,36,1000,424,23,TRUE,"null:sleep_efficiency",1,0,0.0018,-0.0868,0.1147,0.55475
"null",180,36,1000,424,23,TRUE,"null:hrv_ms",1,0,0.0069,-0.0642,0.1349,0.624
"null",180,36,1000,424,23,TRUE,"null:resting_hr",1,0,2e-04,-0.0974,0.1056,0.509
"null",180,36,1000,424,23,TRUE,"null:skin_temp_dev_c",1,0,-0.009,-0.1587,0.058,0.33325
"null",180,36,1000,424,23,TRUE,"null:exercise_min",1,0,-0.0053,-0.1641,0.0745,0.3925
"null",180,36,1000,424,23,TRUE,"null:outdoor_min",1,0,0.0029,-0.0775,0.1381,0.573
"null",180,36,1000,424,23,TRUE,"null:caffeine_mg",1,0,7e-04,-0.0935,0.1105,0.519
"null",180,36,1000,424,23,TRUE,"null:alcohol_units",1,0,-0.0034,-0.1359,0.0807,0.42
"null",180,36,1000,424,23,TRUE,"null:work_day",1,0,-0.0052,-0.1578,0.0752,0.389
"null",180,36,1000,424,23,TRUE,"null:travel",1,0,-0.0016,-0.1232,0.0867,0.45575
"null",180,36,1000,424,23,TRUE,"null:sick",1,0,-0.0063,-0.1456,0.0644,0.3705
"null",180,36,1000,424,23,TRUE,"null:temp_mean_c",1,0,0.0057,-0.0706,0.1428,0.6195
"null",180,36,1000,424,23,TRUE,"null:precipitation_mm",1,0,0.0045,-0.0747,0.131,0.5975
"null",180,36,1000,424,23,TRUE,"null:sunshine_hours",1,0,-0.0037,-0.1277,0.0738,0.41375
"null",180,36,1000,424,23,TRUE,"null:daylight_hours",1,0,9e-04,-0.1009,0.1101,0.52825
"null",180,36,1000,424,23,TRUE,"null:pm25",1,0,1e-04,-0.0993,0.0973,0.50575
"null",180,36,1000,424,23,TRUE,"null:indoor_pm25",1,0,-0.0012,-0.1175,0.0891,0.4635
"null",180,36,1000,424,23,TRUE,"null:indoor_voc",1,0,0.0017,-0.0909,0.1274,0.548
"null",180,36,1000,424,23,TRUE,"H5",1,0,-0.0274,-0.4418,0.4414,0.45675
"null",180,37,1000,452,23,TRUE,"H1",1,0,0.0541,-0.1782,0.2963,0.676
"null",180,37,1000,452,23,TRUE,"H2",1,0,-0.1869,-0.441,0.0557,0.068
"null",180,37,1000,452,23,TRUE,"H3a",-1,0,0.0154,-0.2541,0.2898,0.546
"null",180,37,1000,452,23,TRUE,"H3b",-1,0,-0.1329,-0.3817,0.1275,0.15775
"null",180,37,1000,452,23,TRUE,"H4",1,0,0.0954,-0.1554,0.3488,0.7735
"null",180,37,1000,452,23,TRUE,"null:sleep_efficiency",1,0,0.012,-0.0875,0.1796,0.63575
"null",180,37,1000,452,23,TRUE,"null:hrv_ms",1,0,0.0028,-0.1138,0.139,0.54675
"null",180,37,1000,452,23,TRUE,"null:resting_hr",1,0,0.0218,-0.0641,0.2102,0.7115
"null",180,37,1000,452,23,TRUE,"null:skin_temp_dev_c",1,0,-0.0021,-0.1372,0.118,0.46225
"null",180,37,1000,452,23,TRUE,"null:exercise_min",1,0,0.0231,-0.0705,0.2556,0.71675
"null",180,37,1000,452,23,TRUE,"null:outdoor_min",1,0,-0.01,-0.1953,0.0904,0.38025
"null",180,37,1000,452,23,TRUE,"null:caffeine_mg",1,0,-0.0145,-0.1931,0.0786,0.34425
"null",180,37,1000,452,23,TRUE,"null:alcohol_units",1,0,0.0104,-0.0942,0.1909,0.62325
"null",180,37,1000,452,23,TRUE,"null:work_day",1,0,0.0139,-0.0827,0.2177,0.65125
"null",180,37,1000,452,23,TRUE,"null:travel",1,0,0.0196,-0.0696,0.2083,0.696
"null",180,37,1000,452,23,TRUE,"null:sick",1,0,-6e-04,-0.1411,0.1396,0.48775
"null",180,37,1000,452,23,TRUE,"null:temp_mean_c",1,0,0.0075,-0.0994,0.1645,0.5855
"null",180,37,1000,452,23,TRUE,"null:precipitation_mm",1,0,-0.0205,-0.1866,0.0631,0.29875
"null",180,37,1000,452,23,TRUE,"null:sunshine_hours",1,0,8e-04,-0.1122,0.121,0.51425
"null",180,37,1000,452,23,TRUE,"null:daylight_hours",1,0,0.0045,-0.117,0.1433,0.57025
"null",180,37,1000,452,23,TRUE,"null:pm25",1,0,0.0048,-0.0971,0.1382,0.57125
"null",180,37,1000,452,23,TRUE,"null:indoor_pm25",1,0,0.0322,-0.0502,0.2416,0.757
"null",180,37,1000,452,23,TRUE,"null:indoor_voc",1,0,-0.0346,-0.2427,0.0483,0.22425
"null",180,37,1000,452,23,TRUE,"H5",1,0,-0.2468,-0.7708,0.4867,0.21775
"null",180,38,1000,432,23,FALSE,"H1",1,0,0.0666,-0.156,0.2899,0.726
"null",180,38,1000,432,23,FALSE,"H2",1,0,0.1373,-0.0779,0.3525,0.89125
"null",180,38,1000,432,23,FALSE,"H3a",-1,0,-0.247,-0.5151,0.008,0.0295
"null",180,38,1000,432,23,FALSE,"H3b",-1,0,0.094,-0.1673,0.3479,0.77025
"null",180,38,1000,432,23,FALSE,"H4",1,0,-0.0179,-0.2823,0.2445,0.452
"null",180,38,1000,432,23,FALSE,"null:sleep_efficiency",1,0,0.0055,-0.068,0.1332,0.60875
"null",180,38,1000,432,23,FALSE,"null:hrv_ms",1,0,0.0055,-0.0643,0.122,0.6175
"null",180,38,1000,432,23,FALSE,"null:resting_hr",1,0,0.0032,-0.0738,0.1232,0.571
"null",180,38,1000,432,23,FALSE,"null:skin_temp_dev_c",1,0,0.0064,-0.0632,0.1307,0.61975
"null",180,38,1000,432,23,FALSE,"null:exercise_min",1,0,3e-04,-0.0972,0.1041,0.51175
"null",180,38,1000,432,23,FALSE,"null:outdoor_min",1,0,0.0073,-0.0601,0.1481,0.6415
"null",180,38,1000,432,23,FALSE,"null:caffeine_mg",1,0,-7e-04,-0.1052,0.0984,0.48
"null",180,38,1000,432,23,FALSE,"null:alcohol_units",1,0,6e-04,-0.0889,0.1031,0.5195
"null",180,38,1000,432,23,FALSE,"null:work_day",1,0,-0.006,-0.1519,0.0688,0.38275
"null",180,38,1000,432,23,FALSE,"null:travel",1,0,-0.0072,-0.1493,0.0635,0.37925
"null",180,38,1000,432,23,FALSE,"null:sick",1,0,-0.0061,-0.1446,0.0674,0.377
"null",180,38,1000,432,23,FALSE,"null:temp_mean_c",1,0,-0.001,-0.1056,0.0881,0.46675
"null",180,38,1000,432,23,FALSE,"null:precipitation_mm",1,0,3e-04,-0.0936,0.0971,0.5125
"null",180,38,1000,432,23,FALSE,"null:sunshine_hours",1,0,-0.0043,-0.1253,0.0711,0.40675
"null",180,38,1000,432,23,FALSE,"null:daylight_hours",1,0,0.0019,-0.075,0.113,0.54675
"null",180,38,1000,432,23,FALSE,"null:pm25",1,0,0.009,-0.0556,0.1388,0.652
"null",180,38,1000,432,23,FALSE,"null:indoor_pm25",1,0,4e-04,-0.0996,0.098,0.5155
"null",180,38,1000,432,23,FALSE,"null:indoor_voc",1,0,0.0073,-0.0666,0.1414,0.629
"null",180,38,1000,432,23,FALSE,"H5",1,0,-0.0213,-0.5693,0.6052,0.47225
"null",180,39,1000,438,23,FALSE,"H1",1,0,0.0409,-0.1841,0.2642,0.63875
"null",180,39,1000,438,23,FALSE,"H2",1,0,-0.1095,-0.3393,0.1321,0.1805
"null",180,39,1000,438,23,FALSE,"H3a",-1,0,-0.1016,-0.3495,0.152,0.217
"null",180,39,1000,438,23,FALSE,"H3b",-1,0,0.1857,-0.0535,0.429,0.93725
"null",180,39,1000,438,23,FALSE,"H4",1,0,0.2116,-0.0522,0.4533,0.93875
"null",180,39,1000,438,23,FALSE,"null:sleep_efficiency",1,0,-0.005,-0.1445,0.0961,0.421
"null",180,39,1000,438,23,FALSE,"null:hrv_ms",1,0,0.0267,-0.0529,0.2119,0.745
"null",180,39,1000,438,23,FALSE,"null:resting_hr",1,0,-0.0469,-0.27,0.036,0.184
"null",180,39,1000,438,23,FALSE,"null:skin_temp_dev_c",1,0,-0.0227,-0.2034,0.0613,0.28075
"null",180,39,1000,438,23,FALSE,"null:exercise_min",1,0,-7e-04,-0.1371,0.1324,0.48575
"null",180,39,1000,438,23,FALSE,"null:outdoor_min",1,0,-0.002,-0.1512,0.1174,0.467
"null",180,39,1000,438,23,FALSE,"null:caffeine_mg",1,0,0.0039,-0.104,0.1576,0.55725
"null",180,39,1000,438,23,FALSE,"null:alcohol_units",1,0,-0.0037,-0.1532,0.102,0.44125
"null",180,39,1000,438,23,FALSE,"null:work_day",1,0,-0.0034,-0.1652,0.1264,0.4445
"null",180,39,1000,438,23,FALSE,"null:travel",1,0,-0.0462,-0.3365,0.0364,0.18625
"null",180,39,1000,438,23,FALSE,"null:sick",1,0,0.0021,-0.1182,0.1423,0.53375
"null",180,39,1000,438,23,FALSE,"null:temp_mean_c",1,0,0.01,-0.0961,0.1634,0.62125
"null",180,39,1000,438,23,FALSE,"null:precipitation_mm",1,0,0.0058,-0.1027,0.1435,0.57875
"null",180,39,1000,438,23,FALSE,"null:sunshine_hours",1,0,-3e-04,-0.1238,0.1137,0.49325
"null",180,39,1000,438,23,FALSE,"null:daylight_hours",1,0,0.0069,-0.1009,0.1556,0.60075
"null",180,39,1000,438,23,FALSE,"null:pm25",1,0,0.0036,-0.1058,0.1424,0.556
"null",180,39,1000,438,23,FALSE,"null:indoor_pm25",1,0,0.0178,-0.0774,0.1977,0.683
"null",180,39,1000,438,23,FALSE,"null:indoor_voc",1,0,-0.0058,-0.1567,0.1034,0.41325
"null",180,39,1000,438,23,FALSE,"H5",1,0,-0.2361,-0.7183,0.5416,0.23
"null",180,40,1000,432,23,TRUE,"H1",1,0,0.0911,-0.1391,0.3316,0.79075
"null",180,40,1000,432,23,TRUE,"H2",1,0,0.0734,-0.1854,0.3638,0.71475
"null",180,40,1000,432,23,TRUE,"H3a",-1,0,0.0315,-0.2166,0.2755,0.59575
"null",180,40,1000,432,23,TRUE,"H3b",-1,0,0.0826,-0.1634,0.333,0.753
"null",180,40,1000,432,23,TRUE,"H4",1,0,-0.113,-0.3577,0.1445,0.18425
"null",180,40,1000,432,23,TRUE,"null:sleep_efficiency",1,0,-0.0032,-0.1529,0.1267,0.45175
"null",180,40,1000,432,23,TRUE,"null:hrv_ms",1,0,0.0168,-0.0863,0.1915,0.664
"null",180,40,1000,432,23,TRUE,"null:resting_hr",1,0,0.0073,-0.1068,0.1652,0.5975
"null",180,40,1000,432,23,TRUE,"null:skin_temp_dev_c",1,0,0.0064,-0.105,0.1657,0.58225
"null",180,40,1000,432,23,TRUE,"null:exercise_min",1,0,0.0038,-0.1212,0.1651,0.558
"null",180,40,1000,432,23,TRUE,"null:outdoor_min",1,0,-0.0374,-0.2948,0.0557,0.2355
"null",180,40,1000,432,23,TRUE,"null:caffeine_mg",1,0,-9e-04,-0.1342,0.1317,0.4865
"null",180,40,1000,432,23,TRUE,"null:alcohol_units",1,0,0.0122,-0.1001,0.1834,0.63075
"null",180,40,1000,432,23,TRUE,"null:work_day",1,0,-0.0343,-0.2924,0.0633,0.24775
"null",180,40,1000,432,23,TRUE,"null:travel",1,0,-0.0107,-0.1794,0.109,0.38175
"null",180,40,1000,432,23,TRUE,"null:sick",1,0,0.0213,-0.0812,0.212,0.689
"null",180,40,1000,432,23,TRUE,"null:temp_mean_c",1,0,-0.0315,-0.2704,0.056,0.246
"null",180,40,1000,432,23,TRUE,"null:precipitation_mm",1,0,0.0238,-0.068,0.1958,0.71775
"null",180,40,1000,432,23,TRUE,"null:sunshine_hours",1,0,0.021,-0.0731,0.1911,0.69775
"null",180,40,1000,432,23,TRUE,"null:daylight_hours",1,0,0.0071,-0.0993,0.2119,0.5935
"null",180,40,1000,432,23,TRUE,"null:pm25",1,0,0.0291,-0.0607,0.2008,0.75
"null",180,40,1000,432,23,TRUE,"null:indoor_pm25",1,0,0.0048,-0.1039,0.1541,0.56725
"null",180,40,1000,432,23,TRUE,"null:indoor_voc",1,0,-0.0203,-0.2225,0.0753,0.31175
"null",180,40,1000,432,23,TRUE,"H5",1,0,-0.037,-0.5792,0.6157,0.4445
"null",180,41,1000,430,23,FALSE,"H1",1,0,-0.1892,-0.416,0.0311,0.04625
"null",180,41,1000,430,23,FALSE,"H2",1,0,-0.2079,-0.4354,0.027,0.042
"null",180,41,1000,430,23,FALSE,"H3a",-1,0,-0.1664,-0.436,0.1053,0.10875
"null",180,41,1000,430,23,FALSE,"H3b",-1,0,-0.027,-0.2895,0.2406,0.4265
"null",180,41,1000,430,23,FALSE,"H4",1,0,0.0243,-0.2476,0.2858,0.574
"null",180,41,1000,430,23,FALSE,"null:sleep_efficiency",1,0,0.0041,-0.0673,0.1282,0.598
"null",180,41,1000,430,23,FALSE,"null:hrv_ms",1,0,0.0032,-0.079,0.1137,0.5905
"null",180,41,1000,430,23,FALSE,"null:resting_hr",1,0,-9e-04,-0.0999,0.0821,0.4675
"null",180,41,1000,430,23,FALSE,"null:skin_temp_dev_c",1,0,0.0053,-0.0612,0.1241,0.61625
"null",180,41,1000,430,23,FALSE,"null:exercise_min",1,0,-0.0052,-0.1481,0.0666,0.3805
"null",180,41,1000,430,23,FALSE,"null:outdoor_min",1,0,-5e-04,-0.1095,0.0878,0.48275
"null",180,41,1000,430,23,FALSE,"null:caffeine_mg",1,0,0,-0.0951,0.0927,0.503
"null",180,41,1000,430,23,FALSE,"null:alcohol_units",1,0,0.0024,-0.0798,0.1154,0.5725
"null",180,41,1000,430,23,FALSE,"null:work_day",1,0,-0.004,-0.133,0.0703,0.399
"null",180,41,1000,430,23,FALSE,"null:travel",1,0,-0.0058,-0.1409,0.0633,0.3725
"null",180,41,1000,430,23,FALSE,"null:sick",1,0,5e-04,-0.085,0.093,0.51975
"null",180,41,1000,430,23,FALSE,"null:temp_mean_c",1,0,-0.0017,-0.0977,0.0772,0.447
"null",180,41,1000,430,23,FALSE,"null:precipitation_mm",1,0,0.0055,-0.0592,0.1319,0.62025
"null",180,41,1000,430,23,FALSE,"null:sunshine_hours",1,0,0.01,-0.0484,0.1436,0.686
"null",180,41,1000,430,23,FALSE,"null:daylight_hours",1,0,-5e-04,-0.102,0.087,0.4795
"null",180,41,1000,430,23,FALSE,"null:pm25",1,0,-0.0032,-0.1239,0.0686,0.41675
"null",180,41,1000,430,23,FALSE,"null:indoor_pm25",1,0,-0.0069,-0.1373,0.0577,0.36025
"null",180,41,1000,430,23,FALSE,"null:indoor_voc",1,0,0.0017,-0.0818,0.1202,0.55525
"null",180,41,1000,430,23,FALSE,"H5",1,0,0.061,-0.6324,0.6572,0.56575
"null",180,42,1000,437,23,FALSE,"H1",1,0,0.0924,-0.1512,0.3234,0.773
"null",180,42,1000,437,23,FALSE,"H2",1,0,0.1589,-0.0959,0.4042,0.896
"null",180,42,1000,437,23,FALSE,"H3a",-1,0,-0.0716,-0.3398,0.1906,0.29425
"null",180,42,1000,437,23,FALSE,"H3b",-1,0,0.2352,-0.0483,0.5104,0.948
"null",180,42,1000,437,23,FALSE,"H4",1,0,0.0108,-0.2718,0.3009,0.528
"null",180,42,1000,437,23,FALSE,"null:sleep_efficiency",1,0,0.0179,-0.1197,0.1995,0.632
"null",180,42,1000,437,23,FALSE,"null:hrv_ms",1,0,0.0737,-0.0437,0.2841,0.83825
"null",180,42,1000,437,23,FALSE,"null:resting_hr",1,0,-0.1052,-0.3344,0.0274,0.098
"null",180,42,1000,437,23,FALSE,"null:skin_temp_dev_c",1,0,-0.0072,-0.1724,0.13,0.43025
"null",180,42,1000,437,23,FALSE,"null:exercise_min",1,0,-0.0025,-0.1783,0.1664,0.47475
"null",180,42,1000,437,23,FALSE,"null:outdoor_min",1,0,0.0261,-0.1096,0.2379,0.6735
"null",180,42,1000,437,23,FALSE,"null:caffeine_mg",1,0,-0.0574,-0.2824,0.0678,0.207
"null",180,42,1000,437,23,FALSE,"null:alcohol_units",1,0,0.0095,-0.1334,0.2247,0.58325
"null",180,42,1000,437,23,FALSE,"null:work_day",1,0,-0.0561,-0.32,0.0847,0.2205
"null",180,42,1000,437,23,FALSE,"null:travel",1,0,0.056,-0.0741,0.2916,0.7855
"null",180,42,1000,437,23,FALSE,"null:sick",1,0,-0.0017,-0.1761,0.1828,0.481
"null",180,42,1000,437,23,FALSE,"null:temp_mean_c",1,0,-0.0105,-0.185,0.1278,0.406
"null",180,42,1000,437,23,FALSE,"null:precipitation_mm",1,0,-0.0012,-0.1559,0.1419,0.482
"null",180,42,1000,437,23,FALSE,"null:sunshine_hours",1,0,0.0536,-0.0607,0.2573,0.804
"null",180,42,1000,437,23,FALSE,"null:daylight_hours",1,0,-0.0097,-0.1842,0.1302,0.41275
"null",180,42,1000,437,23,FALSE,"null:pm25",1,0,0.0114,-0.1154,0.17,0.5975
"null",180,42,1000,437,23,FALSE,"null:indoor_pm25",1,0,0.0196,-0.1111,0.2067,0.649
"null",180,42,1000,437,23,FALSE,"null:indoor_voc",1,0,-0.008,-0.1718,0.1455,0.425
"null",180,42,1000,437,23,FALSE,"H5",1,0,0.1866,-0.593,0.8472,0.67175
"null",180,43,1000,432,23,TRUE,"H1",1,0,0.1358,-0.1075,0.3901,0.86325
"null",180,43,1000,432,23,TRUE,"H2",1,0,0.0716,-0.2097,0.3446,0.70575
"null",180,43,1000,432,23,TRUE,"H3a",-1,0,-0.0171,-0.2905,0.2723,0.4515
"null",180,43,1000,432,23,TRUE,"H3b",-1,0,-0.0082,-0.2896,0.2708,0.47025
"null",180,43,1000,432,23,TRUE,"H4",1,0,0.0657,-0.2409,0.358,0.662
"null",180,43,1000,432,23,TRUE,"null:sleep_efficiency",1,0,1e-04,-0.1387,0.1316,0.50075
"null",180,43,1000,432,23,TRUE,"null:hrv_ms",1,0,0.006,-0.1043,0.1533,0.58775
"null",180,43,1000,432,23,TRUE,"null:resting_hr",1,0,0.0224,-0.0683,0.2137,0.709
"null",180,43,1000,432,23,TRUE,"null:skin_temp_dev_c",1,0,-0.0063,-0.1617,0.1031,0.41125
"null",180,43,1000,432,23,TRUE,"null:exercise_min",1,0,0.0203,-0.0796,0.232,0.685
"null",180,43,1000,432,23,TRUE,"null:outdoor_min",1,0,-0.0058,-0.1762,0.0993,0.4155
"null",180,43,1000,432,23,TRUE,"null:caffeine_mg",1,0,0.0013,-0.1246,0.1476,0.52575
"null",180,43,1000,432,23,TRUE,"null:alcohol_units",1,0,0.015,-0.082,0.2114,0.6655
"null",180,43,1000,432,23,TRUE,"null:work_day",1,0,-0.0018,-0.1621,0.1332,0.46825
"null",180,43,1000,432,23,TRUE,"null:travel",1,0,-0.0272,-0.2555,0.0551,0.25475
"null",180,43,1000,432,23,TRUE,"null:sick",1,0,0.0013,-0.1243,0.1527,0.5265
"null",180,43,1000,432,23,TRUE,"null:temp_mean_c",1,0,-0.0068,-0.187,0.0945,0.40725
"null",180,43,1000,432,23,TRUE,"null:precipitation_mm",1,0,0.0157,-0.0724,0.1841,0.67475
"null",180,43,1000,432,23,TRUE,"null:sunshine_hours",1,0,-0.0023,-0.1361,0.1122,0.45125
"null",180,43,1000,432,23,TRUE,"null:daylight_hours",1,0,0.0203,-0.0674,0.2366,0.71025
"null",180,43,1000,432,23,TRUE,"null:pm25",1,0,-0.0045,-0.1485,0.1113,0.43125
"null",180,43,1000,432,23,TRUE,"null:indoor_pm25",1,0,4e-04,-0.1251,0.135,0.50925
"null",180,43,1000,432,23,TRUE,"null:indoor_voc",1,0,0.0227,-0.0666,0.2237,0.72325
"null",180,43,1000,432,23,TRUE,"H5",1,0,-0.0108,-0.4609,0.4365,0.4815
"null",180,44,1000,439,23,FALSE,"H1",1,0,0.0068,-0.2214,0.2469,0.52025
"null",180,44,1000,439,23,FALSE,"H2",1,0,-0.0305,-0.2722,0.2016,0.39875
"null",180,44,1000,439,23,FALSE,"H3a",-1,0,0.0291,-0.2134,0.2826,0.598
"null",180,44,1000,439,23,FALSE,"H3b",-1,0,0.1227,-0.1352,0.3663,0.828
"null",180,44,1000,439,23,FALSE,"H4",1,0,-0.0881,-0.344,0.1692,0.26075
"null",180,44,1000,439,23,FALSE,"null:sleep_efficiency",1,0,0.0447,-0.0461,0.2397,0.80525
"null",180,44,1000,439,23,FALSE,"null:hrv_ms",1,0,0.015,-0.0859,0.1635,0.65675
"null",180,44,1000,439,23,FALSE,"null:resting_hr",1,0,0.0364,-0.0523,0.2111,0.76825
"null",180,44,1000,439,23,FALSE,"null:skin_temp_dev_c",1,0,0.03,-0.0557,0.2078,0.7475
"null",180,44,1000,439,23,FALSE,"null:exercise_min",1,0,0.0083,-0.1004,0.1722,0.60225
"null",180,44,1000,439,23,FALSE,"null:outdoor_min",1,0,0.0146,-0.0835,0.183,0.649
"null",180,44,1000,439,23,FALSE,"null:caffeine_mg",1,0,0.0223,-0.0825,0.1951,0.70425
"null",180,44,1000,439,23,FALSE,"null:alcohol_units",1,0,-0.0204,-0.2001,0.0681,0.30475
"null",180,44,1000,439,23,FALSE,"null:work_day",1,0,-0.0087,-0.1856,0.1014,0.4005
"null",180,44,1000,439,23,FALSE,"null:travel",1,0,0.0082,-0.1027,0.1458,0.59475
"null",180,44,1000,439,23,FALSE,"null:sick",1,0,-0.0048,-0.1319,0.1046,0.4435
"null",180,44,1000,439,23,FALSE,"null:temp_mean_c",1,0,0.0046,-0.1073,0.1619,0.562
"null",180,44,1000,439,23,FALSE,"null:precipitation_mm",1,0,0.0196,-0.0715,0.1624,0.688
"null",180,44,1000,439,23,FALSE,"null:sunshine_hours",1,0,0.024,-0.0658,0.1959,0.71
"null",180,44,1000,439,23,FALSE,"null:daylight_hours",1,0,-0.0074,-0.1762,0.1001,0.40825
"null",180,44,1000,439,23,FALSE,"null:pm25",1,0,-0.0046,-0.1324,0.1014,0.43525
"null",180,44,1000,439,23,FALSE,"null:indoor_pm25",1,0,0.0022,-0.1173,0.1392,0.5365
"null",180,44,1000,439,23,FALSE,"null:indoor_voc",1,0,-0.0121,-0.1526,0.0934,0.35925
"null",180,44,1000,439,23,FALSE,"H5",1,0,0.1077,-0.5537,0.7062,0.63275
"null",180,45,1000,432,23,TRUE,"H1",1,0,0.0766,-0.1683,0.3211,0.73525
"null",180,45,1000,432,23,TRUE,"H2",1,0,-0.0147,-0.2874,0.2568,0.454
"null",180,45,1000,432,23,TRUE,"H3a",-1,0,0.0171,-0.2185,0.2529,0.556
"null",180,45,1000,432,23,TRUE,"H3b",-1,0,0.1764,-0.0584,0.4267,0.9295
"null",180,45,1000,432,23,TRUE,"H4",1,0,0.1223,-0.1048,0.3675,0.8445
"null",180,45,1000,432,23,TRUE,"null:sleep_efficiency",1,0,-0.0757,-0.2732,0.0676,0.161
"null",180,45,1000,432,23,TRUE,"null:hrv_ms",1,0,0.0138,-0.1365,0.1768,0.5855
"null",180,45,1000,432,23,TRUE,"null:resting_hr",1,0,-0.0505,-0.2284,0.093,0.24175
"null",180,45,1000,432,23,TRUE,"null:skin_temp_dev_c",1,0,0.0084,-0.1496,0.1609,0.54775
"null",180,45,1000,432,23,TRUE,"null:exercise_min",1,0,0.0012,-0.1701,0.1864,0.506
"null",180,45,1000,432,23,TRUE,"null:outdoor_min",1,0,0.0819,-0.0714,0.2922,0.83975
"null",180,45,1000,432,23,TRUE,"null:caffeine_mg",1,0,0.0753,-0.0694,0.2675,0.84
"null",180,45,1000,432,23,TRUE,"null:alcohol_units",1,0,-0.0273,-0.2101,0.1225,0.357
"null",180,45,1000,432,23,TRUE,"null:work_day",1,0,-0.0135,-0.2012,0.1585,0.425
"null",180,45,1000,432,23,TRUE,"null:travel",1,0,-0.0236,-0.2011,0.1261,0.375
"null",180,45,1000,432,23,TRUE,"null:sick",1,0,0.0195,-0.1358,0.1851,0.62025
"null",180,45,1000,432,23,TRUE,"null:temp_mean_c",1,0,-0.1148,-0.3239,0.0331,0.0735
"null",180,45,1000,432,23,TRUE,"null:precipitation_mm",1,0,0.0011,-0.1516,0.1618,0.5055
"null",180,45,1000,432,23,TRUE,"null:sunshine_hours",1,0,-0.0222,-0.1854,0.1262,0.3705
"null",180,45,1000,432,23,TRUE,"null:daylight_hours",1,0,-0.1189,-0.3226,0.0275,0.0645
"null",180,45,1000,432,23,TRUE,"null:pm25",1,0,-0.0902,-0.2823,0.0522,0.118
"null",180,45,1000,432,23,TRUE,"null:indoor_pm25",1,0,0.0051,-0.1431,0.1705,0.5305
"null",180,45,1000,432,23,TRUE,"null:indoor_voc",1,0,-0.0676,-0.2636,0.0776,0.18475
"null",180,45,1000,432,23,TRUE,"H5",1,0,-0.0654,-0.6988,0.6247,0.4255
"null",180,46,1000,419,23,TRUE,"H1",1,0,-0.037,-0.2514,0.1876,0.36875
"null",180,46,1000,419,23,TRUE,"H2",1,0,-0.1337,-0.3539,0.0862,0.11325
"null",180,46,1000,419,23,TRUE,"H3a",-1,0,0.0403,-0.2064,0.2852,0.624
"null",180,46,1000,419,23,TRUE,"H3b",-1,0,-0.0173,-0.2729,0.2298,0.44675
"null",180,46,1000,419,23,TRUE,"H4",1,0,-0.1459,-0.3895,0.1062,0.12525
"null",180,46,1000,419,23,TRUE,"null:sleep_efficiency",1,0,-0.0047,-0.1211,0.0596,0.37975
"null",180,46,1000,419,23,TRUE,"null:hrv_ms",1,0,-0.001,-0.0981,0.0723,0.466
"null",180,46,1000,419,23,TRUE,"null:resting_hr",1,0,0.0014,-0.0732,0.099,0.5465
"null",180,46,1000,419,23,TRUE,"null:skin_temp_dev_c",1,0,0.0035,-0.0635,0.1143,0.585
"null",180,46,1000,419,23,TRUE,"null:exercise_min",1,0,0.0014,-0.0748,0.1082,0.54775
"null",180,46,1000,419,23,TRUE,"null:outdoor_min",1,0,0.0023,-0.0733,0.1117,0.577
"null",180,46,1000,419,23,TRUE,"null:caffeine_mg",1,0,-1e-04,-0.0894,0.086,0.49425
"null",180,46,1000,419,23,TRUE,"null:alcohol_units",1,0,7e-04,-0.0873,0.0972,0.526
"null",180,46,1000,419,23,TRUE,"null:work_day",1,0,-0.0011,-0.1055,0.0865,0.46525
"null",180,46,1000,419,23,TRUE,"null:travel",1,0,-0.0034,-0.1149,0.0656,0.4145
"null",180,46,1000,419,23,TRUE,"null:sick",1,0,0.001,-0.0749,0.0979,0.5355
"null",180,46,1000,419,23,TRUE,"null:temp_mean_c",1,0,0.0054,-0.0548,0.129,0.624
"null",180,46,1000,419,23,TRUE,"null:precipitation_mm",1,0,0.0045,-0.0626,0.1171,0.612
"null",180,46,1000,419,23,TRUE,"null:sunshine_hours",1,0,-0.0125,-0.1672,0.0336,0.272
"null",180,46,1000,419,23,TRUE,"null:daylight_hours",1,0,0.0012,-0.0805,0.0965,0.53625
"null",180,46,1000,419,23,TRUE,"null:pm25",1,0,0.0033,-0.0687,0.1112,0.59675
"null",180,46,1000,419,23,TRUE,"null:indoor_pm25",1,0,0.0017,-0.0767,0.103,0.55425
"null",180,46,1000,419,23,TRUE,"null:indoor_voc",1,0,0.0036,-0.0641,0.119,0.59325
"null",180,46,1000,419,23,TRUE,"H5",1,0,0.2165,-0.6983,0.8013,0.67925
"null",180,47,1000,416,23,TRUE,"H1",1,0,-0.0244,-0.2839,0.2306,0.42475
"null",180,47,1000,416,23,TRUE,"H2",1,0,0.0113,-0.3126,0.3196,0.5355
"null",180,47,1000,416,23,TRUE,"H3a",-1,0,0.0216,-0.2338,0.2909,0.56375
"null",180,47,1000,416,23,TRUE,"H3b",-1,0,-0.0143,-0.2759,0.2627,0.46325
"null",180,47,1000,416,23,TRUE,"H4",1,0,-0.0781,-0.3445,0.2021,0.28675
"null",180,47,1000,416,23,TRUE,"null:sleep_efficiency",1,0,0.0242,-0.1129,0.2047,0.66925
"null",180,47,1000,416,23,TRUE,"null:hrv_ms",1,0,-0.0121,-0.1929,0.1175,0.3975
"null",180,47,1000,416,23,TRUE,"null:resting_hr",1,0,0.0387,-0.0788,0.2512,0.747
"null",180,47,1000,416,23,TRUE,"null:skin_temp_dev_c",1,0,0.0125,-0.1216,0.192,0.59975
"null",180,47,1000,416,23,TRUE,"null:exercise_min",1,0,0.0101,-0.1482,0.2293,0.5895
"null",180,47,1000,416,23,TRUE,"null:outdoor_min",1,0,3e-04,-0.1758,0.1829,0.50375
"null",180,47,1000,416,23,TRUE,"null:caffeine_mg",1,0,-0.0377,-0.2535,0.0811,0.2635
"null",180,47,1000,416,23,TRUE,"null:alcohol_units",1,0,0.0014,-0.1527,0.1777,0.51875
"null",180,47,1000,416,23,TRUE,"null:work_day",1,0,-0.0155,-0.2427,0.1263,0.38775
"null",180,47,1000,416,23,TRUE,"null:travel",1,0,0.036,-0.0887,0.2494,0.7315
"null",180,47,1000,416,23,TRUE,"null:sick",1,0,-0.1104,-0.4326,0.0227,0.108
"null",180,47,1000,416,23,TRUE,"null:temp_mean_c",1,0,0.0208,-0.1087,0.2426,0.64975
"null",180,47,1000,416,23,TRUE,"null:precipitation_mm",1,0,-0.0098,-0.1708,0.1262,0.40875
"null",180,47,1000,416,23,TRUE,"null:sunshine_hours",1,0,-0.0106,-0.1819,0.1306,0.40525
"null",180,47,1000,416,23,TRUE,"null:daylight_hours",1,0,-0.0221,-0.2318,0.1178,0.3455
"null",180,47,1000,416,23,TRUE,"null:pm25",1,0,0.0432,-0.077,0.2509,0.767
"null",180,47,1000,416,23,TRUE,"null:indoor_pm25",1,0,-0.0134,-0.2109,0.1161,0.38525
"null",180,47,1000,416,23,TRUE,"null:indoor_voc",1,0,0.0473,-0.0777,0.2805,0.77075
"null",180,47,1000,416,23,TRUE,"H5",1,0,0.1755,-0.5741,0.694,0.70925
"null",180,48,1000,419,23,TRUE,"H1",1,0,-0.1124,-0.3252,0.0996,0.1485
"null",180,48,1000,419,23,TRUE,"H2",1,0,0.087,-0.1316,0.3198,0.788
"null",180,48,1000,419,23,TRUE,"H3a",-1,0,-0.0668,-0.2988,0.1807,0.2865
"null",180,48,1000,419,23,TRUE,"H3b",-1,0,0.0164,-0.2178,0.2578,0.55375
"null",180,48,1000,419,23,TRUE,"H4",1,0,-0.0948,-0.3477,0.1536,0.23275
"null",180,48,1000,419,23,TRUE,"null:sleep_efficiency",1,0,-5e-04,-0.0875,0.0797,0.47925
"null",180,48,1000,419,23,TRUE,"null:hrv_ms",1,0,-0.0075,-0.1398,0.048,0.334
"null",180,48,1000,419,23,TRUE,"null:resting_hr",1,0,0.0035,-0.0622,0.1102,0.6045
"null",180,48,1000,419,23,TRUE,"null:skin_temp_dev_c",1,0,2e-04,-0.0837,0.0866,0.51
"null",180,48,1000,419,23,TRUE,"null:exercise_min",1,0,-0.0015,-0.1075,0.0704,0.44775
"null",180,48,1000,419,23,TRUE,"null:outdoor_min",1,0,0.001,-0.0795,0.1039,0.5355
"null",180,48,1000,419,23,TRUE,"null:caffeine_mg",1,0,-0.0012,-0.1014,0.0777,0.45525
"null",180,48,1000,419,23,TRUE,"null:alcohol_units",1,0,0.0069,-0.0496,0.1432,0.65075
"null",180,48,1000,419,23,TRUE,"null:work_day",1,0,0.0029,-0.0684,0.1216,0.58225
"null",180,48,1000,419,23,TRUE,"null:travel",1,0,-0.0022,-0.1028,0.0625,0.43275
"null",180,48,1000,419,23,TRUE,"null:sick",1,0,1e-04,-0.0922,0.0832,0.50675
"null",180,48,1000,419,23,TRUE,"null:temp_mean_c",1,0,0.0046,-0.0509,0.13,0.61625
"null",180,48,1000,419,23,TRUE,"null:precipitation_mm",1,0,0.0029,-0.057,0.1105,0.583
"null",180,48,1000,419,23,TRUE,"null:sunshine_hours",1,0,-4e-04,-0.0879,0.0743,0.483
"null",180,48,1000,419,23,TRUE,"null:daylight_hours",1,0,-4e-04,-0.0984,0.0746,0.485
"null",180,48,1000,419,23,TRUE,"null:pm25",1,0,0.0023,-0.0641,0.0992,0.56275
"null",180,48,1000,419,23,TRUE,"null:indoor_pm25",1,0,2e-04,-0.0924,0.0857,0.509
"null",180,48,1000,419,23,TRUE,"null:indoor_voc",1,0,3e-04,-0.0849,0.0876,0.5105
"null",180,48,1000,419,23,TRUE,"H5",1,0,-0.0858,-0.7639,0.6879,0.41075
"null",180,49,1000,432,23,FALSE,"H1",1,0,-0.1668,-0.4248,0.0891,0.097
"null",180,49,1000,432,23,FALSE,"H2",1,0,0.017,-0.2443,0.2627,0.5605
"null",180,49,1000,432,23,FALSE,"H3a",-1,0,-0.1868,-0.4729,0.1105,0.10375
"null",180,49,1000,432,23,FALSE,"H3b",-1,0,-0.1449,-0.4287,0.1362,0.1555
"null",180,49,1000,432,23,FALSE,"H4",1,0,0.0964,-0.1958,0.387,0.7375
"null",180,49,1000,432,23,FALSE,"null:sleep_efficiency",1,0,0.0077,-0.1052,0.1687,0.59
"null",180,49,1000,432,23,FALSE,"null:hrv_ms",1,0,0.0104,-0.1045,0.1663,0.61525
"null",180,49,1000,432,23,FALSE,"null:resting_hr",1,0,-0.0019,-0.1366,0.1132,0.46375
"null",180,49,1000,432,23,FALSE,"null:skin_temp_dev_c",1,0,0.0141,-0.0907,0.1882,0.65
"null",180,49,1000,432,23,FALSE,"null:exercise_min",1,0,0.0351,-0.0599,0.2424,0.75975
"null",180,49,1000,432,23,FALSE,"null:outdoor_min",1,0,-0.0166,-0.1829,0.0911,0.33425
"null",180,49,1000,432,23,FALSE,"null:caffeine_mg",1,0,0.0034,-0.1256,0.1525,0.54725
"null",180,49,1000,432,23,FALSE,"null:alcohol_units",1,0,0.0032,-0.1317,0.1661,0.5505
"null",180,49,1000,432,23,FALSE,"null:work_day",1,0,-0.0015,-0.1661,0.1444,0.474
"null",180,49,1000,432,23,FALSE,"null:travel",1,0,-0.0014,-0.1499,0.1351,0.475
"null",180,49,1000,432,23,FALSE,"null:sick",1,0,0.0031,-0.1267,0.1614,0.549
"null",180,49,1000,432,23,FALSE,"null:temp_mean_c",1,0,-0.0187,-0.1751,0.0842,0.32525
"null",180,49,1000,432,23,FALSE,"null:precipitation_mm",1,0,-0.0133,-0.1707,0.0924,0.35375
"null",180,49,1000,432,23,FALSE,"null:sunshine_hours",1,0,0.0067,-0.1071,0.1611,0.58175
"null",180,49,1000,432,23,FALSE,"null:daylight_hours",1,0,-0.0611,-0.278,0.0335,0.158
"null",180,49,1000,432,23,FALSE,"null:pm25",1,0,-0.004,-0.1444,0.1163,0.44525
"null",180,49,1000,432,23,FALSE,"null:indoor_pm25",1,0,0.0026,-0.1307,0.1528,0.54275
"null",180,49,1000,432,23,FALSE,"null:indoor_voc",1,0,0.0316,-0.0692,0.2538,0.737
"null",180,49,1000,432,23,FALSE,"H5",1,0,-0.1808,-0.5643,0.2921,0.20975
"null",180,50,1000,421,23,TRUE,"H1",1,0,-0.0622,-0.289,0.169,0.294
"null",180,50,1000,421,23,TRUE,"H2",1,0,-0.1789,-0.4176,0.0431,0.06225
"null",180,50,1000,421,23,TRUE,"H3a",-1,0,-0.0667,-0.333,0.1752,0.2985
"null",180,50,1000,421,23,TRUE,"H3b",-1,0,-0.2576,-0.5101,-0.0015,0.0245
"null",180,50,1000,421,23,TRUE,"H4",1,0,0.1823,-0.079,0.4574,0.91
"null",180,50,1000,421,23,TRUE,"null:sleep_efficiency",1,0,-0.0015,-0.1284,0.1059,0.466
"null",180,50,1000,421,23,TRUE,"null:hrv_ms",1,0,0.0256,-0.0452,0.2124,0.75425
"null",180,50,1000,421,23,TRUE,"null:resting_hr",1,0,0.0047,-0.0874,0.1249,0.58675
"null",180,50,1000,421,23,TRUE,"null:skin_temp_dev_c",1,0,0.001,-0.1101,0.1116,0.5255
"null",180,50,1000,421,23,TRUE,"null:exercise_min",1,0,0.002,-0.1026,0.139,0.5435
"null",180,50,1000,421,23,TRUE,"null:outdoor_min",1,0,-0.0059,-0.1517,0.0826,0.39575
"null",180,50,1000,421,23,TRUE,"null:caffeine_mg",1,0,7e-04,-0.1095,0.1277,0.5215
"null",180,50,1000,421,23,TRUE,"null:alcohol_units",1,0,-0.0069,-0.1593,0.0818,0.38125
"null",180,50,1000,421,23,TRUE,"null:work_day",1,0,1e-04,-0.1153,0.1211,0.50375
"null",180,50,1000,421,23,TRUE,"null:travel",1,0,0.0035,-0.0981,0.1344,0.57225
"null",180,50,1000,421,23,TRUE,"null:sick",1,0,-0.0023,-0.1385,0.098,0.44925
"null",180,50,1000,421,23,TRUE,"null:temp_mean_c",1,0,0.0024,-0.1054,0.1253,0.55125
"null",180,50,1000,421,23,TRUE,"null:precipitation_mm",1,0,-0.0019,-0.1311,0.1031,0.45725
"null",180,50,1000,421,23,TRUE,"null:sunshine_hours",1,0,-0.0138,-0.1827,0.0604,0.3245
"null",180,50,1000,421,23,TRUE,"null:daylight_hours",1,0,2e-04,-0.1149,0.1181,0.50625
"null",180,50,1000,421,23,TRUE,"null:pm25",1,0,-1e-04,-0.1069,0.1083,0.496
"null",180,50,1000,421,23,TRUE,"null:indoor_pm25",1,0,-0.0415,-0.2983,0.0286,0.186
"null",180,50,1000,421,23,TRUE,"null:indoor_voc",1,0,0.003,-0.0958,0.1453,0.562
"null",180,50,1000,421,23,TRUE,"H5",1,0,-0.1525,-0.7009,0.5525,0.30825
